transaction_id;time;buying_time;type;sell_id;stimulus;symbol;buying_price;symbol_price;size;net_price;buying_fees;selling_fees;gross_price;transaction_roi%;remaining cash;portfolio_value;wallet_value;wallet_roi%
0;2021-01-29 03:00:00;;SOLD;;;BTC/USD;33823.0;33823.0;0.28765997416930844;9729.52330632852;6.810666314429963;;9736.33397264295;;263.66602735705055;9729.52330632852;9993.18933368557;-0.06810666314429908
1;2021-01-29 04:00:00;2021-01-29 03:00:00;SELL;0;SELL;BTC/USD;33823.0;33123.0;0.28765997416930844;9528.161324410003;6.810666314429963;6.6697129270870015;9743.003685570036;-0.02208148892765287;9785.157638839966;0.0;9785.157638839966;-2.1484236116003377
2;2021-01-29 08:00:00;;SOLD;;;BTC/USD;36326.0;36326.0;0.24226683928794174;8800.585203973771;6.16040964278164;;8806.745613616553;;978.4120252234134;8800.585203973771;9778.997229197184;-2.210027708028156
3;2021-01-29 10:00:00;;SOLD;;;BTC/USD;36700.0;36700.0;0.021164578865390332;776.7400443598252;0.5437180310518777;;777.2837623908771;;201.12826283253628;9667.933046227286;9869.061309059824;-1.3093869094017645
4;2021-01-29 12:00:00;;SOLD;;;BTC/USD;37965.0;37965.0;0.004334894398028693;164.57426582115934;0.11520198607481154;;164.68946780723417;;36.43879502530211;10165.748056012411;10202.186851037713;2.0218685103771348
5;2021-01-30 05:00:00;2021-01-29 08:00:00;SELL;2;SELL;BTC/USD;36326.0;33506.0;0.24226683928794174;8117.392717181776;6.16040964278164;5.682174902027243;8812.42778851858;-0.07897600616638219;8148.149337305051;854.3853511641171;9002.534688469168;-9.97465311530832
6;2021-01-30 05:00:00;2021-01-29 10:00:00;SELL;3;SELL;BTC/USD;36700.0;33506.0;0.021164578865390332;709.1403794637685;0.5437180310518777;0.4963982656246379;777.7801606565017;-0.0883690517711172;8856.793318503194;145.24497170034866;9002.038290203544;-9.979617097964566
7;2021-01-30 05:00:00;2021-01-29 12:00:00;SELL;4;SELL;BTC/USD;37965.0;33506.0;0.004334894398028693;145.2449717003494;0.11520198607481154;0.10167148019024458;164.79113928742441;-0.11876806795732923;9001.936618723354;-7.265455598259862e-13;9001.936618723354;-9.980633812766463
8;2021-01-30 07:00:00;;SOLD;;;BTC/USD;34041.0;34041.0;0.21295018318583842;7249.0371858291255;5.074326030080388;;7254.111511859206;;1747.8251068641475;7249.037185829125;8996.862292693273;-10.031377073067269
9;2021-01-30 08:00:00;;SOLD;;;BTC/USD;33904.0;33904.0;0.04107576409304421;1392.632705810571;0.9748428940673997;;1393.6075487046385;;354.21755815950905;8612.495716543237;8966.713274702746;-10.332867252972537
10;2021-01-30 09:00:00;;SOLD;;;BTC/USD;34272.0;34272.0;0.00835813020668969;286.449838443669;0.20051488691056832;;286.6503533305796;;67.56720482892945;8992.427103585534;9059.994308414463;-9.400056915855368
11;2021-01-31 07:00:00;2021-01-30 07:00:00;SELL;8;SELL;BTC/USD;34041.0;33628.0;0.21295018318583842;7161.088760173374;5.074326030080388;5.012762132121361;7259.124273991328;-0.013523935842072912;7223.643202870182;1662.362997511451;8886.006200381633;-11.13993799618367
12;2021-01-31 07:00:00;2021-01-30 08:00:00;SELL;9;SELL;BTC/USD;33904.0;33628.0;0.04107576409304421;1381.2957949208908;0.9748428940673997;0.9669070564446235;1394.574455761083;-0.00953493393109962;8603.972090734627;281.06720259056027;8885.039293325188;-11.149607066748123
13;2021-01-31 07:00:00;2021-01-30 09:00:00;SELL;10;SELL;BTC/USD;34272.0;33628.0;0.00835813020668969;281.0672025905609;0.20051488691056832;0.19674704181339261;286.847100372393;-0.020177696078431367;8884.842546283375;-6.416880915516288e-13;8884.842546283375;-11.151574537166251
14;2021-02-02 19:00:00;;SOLD;;;BTC/USD;35784.0;35784.0;0.20135620501492066;7205.330440253921;5.043731308177744;;7210.374171562098;;1674.4683747212766;7205.33044025392;8879.798814975196;-11.202011850248036
15;2021-02-02 23:00:00;;SOLD;;;BTC/USD;35521.0;35521.0;0.037618992383302574;1336.2642284472906;0.9353849599131034;;1337.1996134072037;;337.2687613140729;8488.637986782287;8825.90674809636;-11.740932519036397
16;2021-02-03 00:00:00;;SOLD;;;BTC/USD;36170.0;36170.0;0.007595929423475079;274.7447672470936;0.1923213370729655;;274.93708858416653;;62.33167272990636;8918.477657140827;8980.809329870734;-10.191906701292664
17;2021-02-07 17:00:00;2021-02-02 19:00:00;SELL;14;SELL;BTC/USD;35784.0;37907.0;0.20135620501492066;7632.809663500598;5.043731308177744;5.342966764450418;7215.717138326549;0.05788666163648568;7689.798369466053;1713.9620409295198;9403.760410395573;-5.9623958960442724
18;2021-02-07 17:00:00;2021-02-02 23:00:00;SELL;15;SELL;BTC/USD;35521.0;37907.0;0.037618992383302574;1426.0231442738507;0.9353849599131034;0.9982162009916955;1338.1978296081954;0.06572451226035311;9114.823297538913;287.93889665566917;9402.762194194582;-5.972378058054183
19;2021-02-07 17:00:00;2021-02-03 00:00:00;SELL;16;SELL;BTC/USD;36170.0;37907.0;0.007595929423475079;287.93889665566985;0.1923213370729655;0.20155722765896888;275.1386458118255;0.046589607409455676;9402.560636966924;-6.575816280385283e-13;9402.560636966924;-5.97439363033076
20;2021-02-08 12:00:00;;SOLD;;;BTC/USD;43154.0;43154.0;0.19055703778622737;8223.298408626855;5.7563088860387985;;8229.054717512894;;1173.50591945403;8223.298408626855;9396.804328080885;-6.0319567191911485
21;2021-02-08 17:00:00;;SOLD;;;BTC/USD;43147.0;43147.0;0.02170496232777435;936.5040095564799;0.655552806689536;;937.1595623631695;;236.34635709086047;9158.468518918831;9394.814876009692;-6.051851239903081
22;2021-02-08 18:00:00;;SOLD;;;BTC/USD;42717.0;42717.0;0.004382160652483102;187.19275659212067;0.13103492961448446;;187.32379152173516;;49.022565569125305;9254.38861546193;9303.411181031055;-6.965888189689449
23;2021-02-22 09:00:00;2021-02-08 12:00:00;SELL;20;SELL;BTC/USD;43154.0;54701.0;0.19055703778622737;10423.660523944423;5.7563088860387985;7.296562366761096;8236.351279879655;0.2659892825694028;10465.386527146788;1426.9917141430612;11892.378241289849;18.92378241289849
24;2021-02-22 09:00:00;2021-02-08 17:00:00;SELL;21;SELL;BTC/USD;43147.0;54701.0;0.02170496232777435;1187.2831442915847;0.655552806689536;0.8310982010041092;937.9906605641736;0.2661947852689641;11651.838573237368;239.70856985147645;11891.547143088845;18.915471430888445
25;2021-02-22 09:00:00;2021-02-08 18:00:00;SELL;22;SELL;BTC/USD;42717.0;54701.0;0.004382160652483102;239.70856985147816;0.13103492961448446;0.16779599889603472;187.49158752063119;0.2789476648641056;11891.37934708995;-1.7080399594693318e-12;11891.379347089949;18.91379347089949
26;2021-03-01 15:00:00;;SOLD;;;BTC/USD;49327.0;49327.0;0.20356445515350421;10041.223879356903;7.028856715549832;;10048.252736072453;;1843.1266110174984;10041.223879356901;11884.3504903744;18.843504903743998
27;2021-03-01 17:00:00;;SOLD;;;BTC/USD;48638.0;48638.0;0.029995754191956357;1458.9334923883732;1.0212534446718613;;1459.954745833045;;383.1718651844533;11359.90146214451;11743.073327328962;17.430733273289626
28;2021-03-01 18:00:00;;SOLD;;;BTC/USD;48528.0;48528.0;0.006302427981157996;305.84422506963523;0.21409095754874466;;306.058316027184;;77.11354915726929;11640.054064186144;11717.167613343414;17.17167613343414
29;2021-03-02 18:00:00;2021-03-01 15:00:00;SELL;26;SELL;BTC/USD;49327.0;47690.0;0.20356445515350421;9707.988866270616;7.028856715549832;6.795592206389431;10055.048328278843;-0.03456346220122862;9778.306823221496;1731.0603078358215;11509.367131057317;15.093671310573173
30;2021-03-02 18:00:00;2021-03-01 17:00:00;SELL;27;SELL;BTC/USD;48638.0;47690.0;0.029995754191956357;1430.4975174143985;1.0212534446718613;1.0013482621900789;1460.9560940952351;-0.02087728936222708;11207.802992373703;300.56279042142296;11508.365782795127;15.083657827951264
31;2021-03-02 18:00:00;2021-03-01 18:00:00;SELL;28;SELL;BTC/USD;48528.0;47690.0;0.006302427981157996;300.56279042142484;0.21409095754874466;0.21039395329499738;306.268709980479;-0.01865629327398623;11508.155388841833;-1.9027661390946804e-12;11508.155388841831;15.081553888418311
32;2021-03-03 03:00:00;;SOLD;;;BTC/USD;48738.0;48738.0;0.20158801991195952;9824.996914469082;6.877497840128357;;9831.874412309211;;1676.280976532622;9824.996914469082;11501.277891001704;15.012778910017042
33;2021-03-03 04:00:00;;SOLD;;;BTC/USD;49161.0;49161.0;0.027514973557103237;1352.6636150407521;0.9468645305285265;;1353.6104795712806;;322.6704969613413;11262.932261932592;11585.602758893934;15.856027588939341
34;2021-03-03 05:00:00;;SOLD;;;BTC/USD;49094.0;49094.0;0.005250836996177316;257.78459149032915;0.18044921404323042;;257.96504070437237;;64.70545625696894;11505.366952860493;11570.072409117462;15.700724091174617
35;2021-03-04 21:00:00;2021-03-03 03:00:00;SELL;32;SELL;BTC/USD;48738.0;47924.0;0.20158801991195952;9660.904266260748;6.877497840128357;6.762632986382523;9838.637045295594;-0.01808985596454516;9718.847089531333;1570.2687049554152;11289.115794486748;12.891157944867482
36;2021-03-04 21:00:00;2021-03-03 04:00:00;SELL;33;SELL;BTC/USD;49161.0;47924.0;0.027514973557103237;1318.6275927506156;0.9468645305285265;0.9230393149254309;1354.5335188862061;-0.02654460853115267;11036.551642967024;251.6411122047997;11288.192755171824;12.881927551718237
37;2021-03-04 21:00:00;2021-03-03 05:00:00;SELL;34;SELL;BTC/USD;49094.0;47924.0;0.005250836996177316;251.6411122048017;0.18044921404323042;0.17614877854336117;258.1411894829157;-0.025215150527559255;11288.016606393283;-1.9952373087051e-12;11288.016606393281;12.880166063932812
38;2021-03-07 11:00:00;;SOLD;;;BTC/USD;50725.0;50725.0;0.19359936783879889;9820.327933623073;6.874229553536152;;9827.20216317661;;1460.8144432166737;9820.32793362307;11281.142376839744;12.811423768397436
39;2021-03-07 12:00:00;;SOLD;;;BTC/USD;50786.0;50786.0;0.023038966083259515;1170.0569315044177;0.8190398520530924;;1170.8759713564707;;289.938471860203;11002.194426565655;11292.132898425858;12.92132898425858
40;2021-03-07 13:00:00;;SOLD;;;BTC/USD;50781.0;50781.0;0.004567218869140361;231.92794139381667;0.16234955897567166;;232.09029095279234;;57.84818090741064;11233.03917628986;11290.88735719727;12.908873571972709
41;2021-03-15 09:00:00;2021-03-07 11:00:00;SELL;38;SELL;BTC/USD;50725.0;55828.0;0.19359936783879889;10808.265507704464;6.874229553536152;7.565785855393124;9834.767949032002;0.09913086052242483;10858.547902756482;1541.1980935225763;12399.745996279058;23.997459962790582
42;2021-03-15 09:00:00;2021-03-07 12:00:00;SELL;39;SELL;BTC/USD;50786.0;55828.0;0.023038966083259515;1286.2193984962123;0.8190398520530924;0.9003535789473486;1171.776324935418;0.09780983341865895;12143.866947673747;254.97869502636405;12398.845642700111;23.988456427001108
43;2021-03-15 09:00:00;2021-03-07 13:00:00;SELL;40;SELL;BTC/USD;50781.0;55828.0;0.004567218869140361;254.97869502636806;0.16234955897567166;0.17848508651845763;232.2687760393108;0.09791799491935951;12398.667157613596;-4.019114901998577e-12;12398.667157613592;23.986671576135922
44;2021-03-18 03:00:00;;SOLD;;;BTC/USD;58721.0;58721.0;0.16609887968000542;9753.492313689598;6.827444619582718;;9760.31975830918;;2638.3473993044154;9753.492313689594;12391.83971299401;23.918397129940097
45;2021-03-18 04:00:00;;SOLD;;;BTC/USD;58800.0;58800.0;0.03594417532813699;2113.517509294455;1.4794622565061186;;2114.996971550961;;523.3504277534544;11880.131634478768;12403.482062232222;24.034820622322222
46;2021-03-18 05:00:00;;SOLD;;;BTC/USD;58980.0;58980.0;0.007120413983040195;419.96201671971073;0.2939734117037975;;420.25599013141453;;103.09443762203983;12336.461401099945;12439.555838721984;24.395558387219843
47;2021-03-21 09:00:00;2021-03-18 03:00:00;SELL;44;SELL;BTC/USD;58721.0;56023.0;0.16609887968000542;9305.357536312944;6.827444619582718;6.513750275419061;9766.8335085846;-0.0473139217656374;9401.938223659565;2412.6074869800746;11814.545710639639;18.145457106396385
48;2021-03-21 09:00:00;2021-03-18 04:00:00;SELL;45;SELL;BTC/USD;58800.0;56023.0;0.03594417532813699;2013.7005344082186;1.4794622565061186;1.409590374085753;2116.406561925047;-0.04859483163265305;11414.229167693698;398.9069525718559;11813.136120265553;18.131361202655533
49;2021-03-21 09:00:00;2021-03-18 05:00:00;SELL;46;SELL;BTC/USD;58980.0;56023.0;0.007120413983040195;398.90695257186087;0.2939734117037975;0.27923486680030263;420.53522499821486;-0.051500544252288984;11812.856885398758;-4.956405078027082e-12;11812.856885398753;18.128568853987527
50;2021-03-27 16:00:00;;SOLD;;;BTC/USD;56180.0;56180.0;0.17831798828196077;10017.904581680556;7.012533207176388;;10024.917114887732;;1787.939770511026;10017.904581680552;11805.844352191578;18.058443521915777
51;2021-03-27 18:00:00;;SOLD;;;BTC/USD;55739.0;55739.0;0.02549873993063233;1421.2742649935155;0.9948919854954609;;1422.269156979011;;365.67061353201484;11360.540613841722;11726.211227373737;17.262112273737365
52;2021-03-27 19:00:00;;SOLD;;;BTC/USD;55781.0;55781.0;0.005248326859570711;292.7569205537138;0.20492984438759967;;292.96185039810143;;72.70876313391341;11661.857836980365;11734.566600114278;17.34566600114278
53;2021-04-03 23:00:00;2021-03-27 16:00:00;SELL;50;SELL;BTC/USD;56180.0;57061.0;0.17831798828196077;10175.002729356964;7.012533207176388;7.122501910549874;10032.039616798282;0.014270760056959859;10240.588990580327;1754.4583781157721;11995.0473686961;19.950473686960994
54;2021-04-03 23:00:00;2021-03-27 18:00:00;SELL;51;SELL;BTC/USD;55739.0;57061.0;0.02549873993063233;1454.9835991818115;0.9948919854954609;1.0184885194272681;1423.2876454984385;0.022301081827804502;11694.554101242711;299.4747789339606;11994.028880176671;19.940288801766712
55;2021-04-03 23:00:00;2021-03-27 19:00:00;SELL;52;SELL;BTC/USD;55781.0;57061.0;0.005248326859570711;299.47477893396433;0.20492984438759967;0.20963234525377503;293.1714827433552;0.021530818737562858;11993.819247831421;-3.7614321379830784e-12;11993.819247831418;19.938192478314175
56;2021-04-05 14:00:00;;SOLD;;;BTC/USD;59218.0;59218.0;0.16861085303327483;9984.797494924469;6.989358246447129;;9991.786853170915;;2002.0323946605058;9984.797494924465;11986.829889584971;19.868298895849712
57;2021-04-05 17:00:00;;SOLD;;;BTC/USD;58953.0;58953.0;0.027155407184272715;1600.8927197344294;1.1206249038141005;;1602.0133446382436;;400.01905002226226;11541.008338605077;11941.027388627339;19.410273886273387
58;2021-04-05 18:00:00;;SOLD;;;BTC/USD;58884.0;58884.0;0.005428311366984034;319.6406865334879;0.22374848057344152;;319.8644350140613;;80.15461500820095;11847.141153183557;11927.295768191758;19.27295768191758
59;2021-04-07 10:00:00;2021-04-05 14:00:00;SELL;56;SELL;BTC/USD;59218.0;56786.0;0.16861085303327483;9574.735900347545;6.989358246447129;6.7023151302432815;9998.48916830116;-0.042439845992772424;9648.188200225502;1850.299041651664;11498.487241877167;14.984872418771667
60;2021-04-07 10:00:00;2021-04-05 17:00:00;SELL;57;SELL;BTC/USD;58953.0;56786.0;0.027155407184272715;1542.0469523661104;1.1206249038141005;1.0794328666562774;1603.0927775049;-0.03813236476515199;11189.155719724957;308.25208928555367;11497.40780901051;14.974078090105104
61;2021-04-07 10:00:00;2021-04-05 18:00:00;SELL;58;SELL;BTC/USD;58884.0;56786.0;0.005428311366984034;308.25208928555537;0.22374848057344152;0.21577646249988877;320.0802114765612;-0.03700443244344813;11497.192032548013;-1.723890127869332e-12;11497.192032548011;14.971920325480113
62;2021-04-10 04:00:00;;SOLD;;;BTC/USD;61049.0;61049.0;0.1654930172078964;10103.183207524866;7.072228245267406;;10110.255435770134;;1386.9365967778795;10103.183207524864;11490.119804302743;14.901198043027433
63;2021-04-10 09:00:00;;SOLD;;;BTC/USD;60755.0;60755.0;0.018323605393990448;1113.2506457118895;0.7792754519983227;;1114.0299211638878;;272.90667561399164;11167.778906177633;11440.685581791624;14.406855817916238
64;2021-04-10 10:00:00;;SOLD;;;BTC/USD;60652.0;60652.0;0.0035935370009249168;217.95520618009806;0.15256864432606865;;218.10777482442413;;54.79890078956751;11366.801000229736;11421.599901019303;14.215999010193027
65;2021-04-16 08:00:00;2021-04-10 04:00:00;SELL;62;SELL;BTC/USD;61049.0;61222.0;0.1654930172078964;10131.813499501832;7.072228245267406;7.092269449651282;10117.347705219785;0.0014318055987812463;10179.520130841747;1341.811291701506;11521.331422543253;15.213314225432534
66;2021-04-16 08:00:00;2021-04-10 09:00:00;SELL;63;SELL;BTC/USD;60755.0;61222.0;0.018323605393990448;1121.8077694308831;0.7792754519983227;0.7852654386016181;1114.8151866024893;0.006281229528434037;11300.542634834028;220.00352227062274;11520.54615710465;15.205461571046506
67;2021-04-16 08:00:00;2021-04-10 10:00:00;SELL;64;SELL;BTC/USD;60652.0;61222.0;0.0035935370009249168;220.00352227062527;0.15256864432606865;0.1540024655894377;218.26177729001355;0.007991297896194762;11520.392154639063;-2.522326965348487e-12;11520.392154639061;15.203921546390612
68;2021-04-27 21:00:00;;SOLD;;;BTC/USD;55334.0;55334.0;0.17756518272906816;9825.391821130257;6.87777427479118;;9832.269595405049;;1688.1225592340143;9825.391821130255;11513.51438036427;15.135143803642697
69;2021-04-27 22:00:00;2021-04-27 21:00:00;SELL;68;SELL;BTC/USD;55334.0;54981.0;0.17756518272906816;9762.711311626896;6.87777427479118;6.833897918138827;9839.103493323188;-0.00777497560270368;11443.999972942771;-1.5260293029228933e-12;11443.99997294277;14.43999972942769
70;2021-04-28 00:00:00;;SOLD;;;BTC/USD;55448.0;55448.0;0.1779520982005048;9867.087941021591;6.906961558715114;;9873.994902580307;;1570.0050703624638;9867.08794102159;11437.093011384053;14.370930113840531
71;2021-04-28 02:00:00;;SOLD;;;BTC/USD;55259.0;55259.0;0.022610741080666998;1249.4469413765776;0.8746128589636043;;1250.3215542355413;;319.68351612692254;11082.90193583827;11402.585451965193;14.02585451965193
72;2021-04-28 03:00:00;;SOLD;;;BTC/USD;54845.0;54845.0;0.0046281476845679076;253.83075976012688;0.17768153183208882;;254.00844129195897;;65.67507483496357;11253.699680135993;11319.374754970957;13.19374754970957
73;2021-04-28 04:00:00;2021-04-28 00:00:00;SELL;70;SELL;BTC/USD;55448.0;54891.0;0.1779520982005048;9767.96862232391;6.906961558715114;6.837578035626737;9880.832480615934;-0.011438416173712487;9826.806119123246;1495.169843212507;11321.975962335753;13.21975962335753
74;2021-04-28 04:00:00;2021-04-28 02:00:00;SELL;71;SELL;BTC/USD;55259.0;54891.0;0.022610741080666998;1241.1261886588923;0.8746128589636043;0.8687883320612245;1251.1903425676026;-0.008054886986735203;11067.063519450077;254.04365455361477;11321.107174003691;13.211071740036914
75;2021-04-28 04:00:00;2021-04-28 03:00:00;SELL;72;SELL;BTC/USD;54845.0;54891.0;0.0046281476845679076;254.04365455361702;0.17768153183208882;0.1778305581875319;254.1862718501465;-0.0005618597866715165;11320.929343445507;-2.2376865985163086e-12;11320.929343445505;13.209293434455049
76;2021-04-30 13:00:00;;SOLD;;;BTC/USD;56045.0;56045.0;0.17909684022003325;10037.482410131763;7.026237687092234;;10044.508647818855;;1276.4206956266516;10037.482410131763;11313.903105758414;13.139031057584143
77;2021-04-30 17:00:00;;SOLD;;;BTC/USD;56619.0;56619.0;0.01798757343799118;1018.4384204856227;0.7129068943399359;;1019.1513273799626;;257.26936824668906;11158.722416903684;11415.991785150372;14.159917851503723
78;2021-04-30 20:00:00;;SOLD;;;BTC/USD;56817.0;56817.0;0.0036064324694203725;204.90667361505731;0.14343467153054013;;205.05010828658786;;52.2192599601012;11402.65180442303;11454.871064383131;14.548710643831308
79;2021-05-04 00:00:00;2021-04-30 13:00:00;SELL;76;SELL;BTC/USD;56045.0;55332.0;0.17909684022003325;9909.78636305488;7.026237687092234;6.9368504541384155;10051.445498272993;-0.014113014541885857;9955.068772560842;1194.839534868895;11149.908307429738;11.499083074297378
80;2021-05-04 00:00:00;2021-04-30 17:00:00;SELL;77;SELL;BTC/USD;56619.0;55332.0;0.01798757343799118;995.288413470928;0.7129068943399359;0.6967018894296496;1019.8480292693922;-0.024114973772055247;10949.66048414234;199.55112139796697;11149.211605540306;11.492116055403057
81;2021-05-04 00:00:00;2021-04-30 20:00:00;SELL;78;SELL;BTC/USD;56817.0;55332.0;0.0036064324694203725;199.55112139796805;0.14343467153054013;0.13968578497857764;205.18979407156644;-0.027518248059559745;11149.07191975533;-1.0798393429434228e-12;11149.071919755328;11.490719197553279
82;2021-05-05 18:00:00;;SOLD;;;BTC/USD;57334.0;57334.0;0.17095508068033144;9801.538595726122;6.861077017008285;;9808.399672743131;;1340.6722470121986;9801.53859572612;11142.21084273832;11.422108427383192
83;2021-05-05 19:00:00;;SOLD;;;BTC/USD;57167.0;57167.0;0.01870683708811105;1069.4137558160444;0.748589629071231;;1070.1623454451155;;270.50990156708303;10842.40285306855;11112.912754635632;11.129127546356322
84;2021-05-05 20:00:00;;SOLD;;;BTC/USD;56872.0;56872.0;0.0037855392316138055;215.29118718034036;0.15070383102623824;;215.4418910113666;;55.06801055571643;11001.7437745072;11056.811785062917;10.56811785062917
85;2021-05-10 19:00:00;2021-05-05 18:00:00;SELL;82;SELL;BTC/USD;57334.0;55722.0;0.17095508068033144;9525.959005669429;6.861077017008285;6.6681713039686;9815.0678440471;-0.029496270973593357;9574.358844921177;1253.3201932877075;10827.679038208884;8.276790382088839
86;2021-05-10 19:00:00;2021-05-05 19:00:00;SELL;83;SELL;BTC/USD;57167.0;55722.0;0.01870683708811105;1042.382376223724;0.748589629071231;0.7296676633566067;1070.8920131084722;-0.02665912676894008;10616.011553481545;210.93781706398352;10826.949370545528;8.269493705455279
87;2021-05-10 19:00:00;2021-05-05 20:00:00;SELL;84;SELL;BTC/USD;56872.0;55722.0;0.0037855392316138055;210.93781706398448;0.15070383102623824;0.14765647194478915;215.5895474833114;-0.02160669222112824;10826.801714073585;-9.666226152837964e-13;10826.801714073583;8.268017140735829
88;2021-06-10 10:00:00;;SOLD;;;BTC/USD;37853.0;37853.0;0.2617171852049673;9906.780611563627;6.934746428094539;;9913.715357991721;;913.0863560818634;9906.780611563627;10819.86696764549;8.198669676454902
89;2021-06-10 12:00:00;;SOLD;;;BTC/USD;37801.0;37801.0;0.019300580887930106;729.581258144646;0.5107068807012521;;730.0919650253472;;182.99439105651618;10622.752576077615;10805.746967134131;8.057469671341314
90;2021-06-10 16:00:00;2021-06-10 10:00:00;SELL;88;SELL;BTC/USD;37853.0;36824.0;0.2617171852049673;9637.473627987716;6.934746428094539;6.746231539591401;9920.461589531313;-0.028565078065146684;9813.72178750464;710.7245906171391;10524.44637812178;5.2444637812178
91;2021-06-10 16:00:00;2021-06-10 12:00:00;SELL;89;SELL;BTC/USD;37801.0;36824.0;0.019300580887930106;710.7245906171382;0.5107068807012521;0.4975072134319968;730.5894722387792;-0.027227784979233352;10523.948870908347;8.943124019111792e-13;10523.948870908347;5.239488709083471
92;2021-06-11 11:00:00;;SOLD;;;BTC/USD;37414.0;37414.0;0.26138909634055263;9779.611650485436;6.845728155339805;;9786.457378640776;;737.4914922675707;9779.611650485436;10517.103142753007;5.17103142753007
93;2021-06-11 12:00:00;;SOLD;;;BTC/USD;37330.0;37330.0;0.015769316133374046;588.6685712588531;0.4120679998811972;;589.0806392587343;;148.4108530088364;10346.323537651684;10494.73439066052;4.947343906605202
94;2021-06-11 15:00:00;2021-06-11 11:00:00;SELL;92;SELL;BTC/USD;37414.0;36821.0;0.26138909634055263;9624.607916355488;6.845728155339805;6.737225541448842;9793.194604182225;-0.017238587159886742;9766.281543822875;580.6419893469665;10346.923533169842;3.4692353316984192
95;2021-06-11 15:00:00;2021-06-11 12:00:00;SELL;93;SELL;BTC/USD;37330.0;36821.0;0.015769316133374046;580.6419893469657;0.4120679998811972;0.406449392542876;589.4870886512772;-0.015025601392981537;10346.517083777298;7.664910373073042e-13;10346.517083777298;3.465170837772985
96;2021-06-13 20:00:00;;SOLD;;;BTC/USD;39264.0;39264.0;0.26018159613444486;10215.770190622843;7.15103913343599;;10222.921229756279;;123.59585402101948;10215.770190622843;10339.366044643863;3.3936604464386253
97;2021-06-17 00:00:00;2021-06-13 20:00:00;SELL;96;SELL;BTC/USD;39264.0;38631.0;0.26018159613444486;10051.07524026974;7.15103913343599;7.035752668188818;10229.956982424468;-0.01751035299511001;10167.63534162257;0.0;10167.63534162257;1.6763534162257019
98;2021-06-29 06:00:00;;SOLD;;;BTC/USD;35343.0;35343.0;0.28231498285944745;9977.85843920145;6.984500907441015;;9984.842940108892;;182.79240151367776;9977.85843920145;10160.650840715129;1.6065084071512865
99;2021-06-30 10:00:00;2021-06-29 06:00:00;SELL;98;SELL;BTC/USD;35343.0;34757.0;0.28231498285944745;9812.421859245815;6.984500907441015;6.86869530147207;9991.711635410364;-0.017968763262880886;9988.345565458021;0.0;9988.345565458021;-0.11654434541978845
100;2021-07-01 01:00:00;;SOLD;;;BTC/USD;34962.0;34962.0;0.282119929757895;9863.476984195526;6.904433888936868;;9870.381418084462;;117.96414737355917;9863.476984195526;9981.441131569085;-0.18558868430915026
101;2021-07-01 02:00:00;2021-07-01 01:00:00;SELL;100;SELL;BTC/USD;34962.0;34307.0;0.282119929757895;9678.688430204103;6.904433888936868;6.7750819011428725;9877.156499985605;-0.020121511927235384;9789.87749567652;0.0;9789.87749567652;-2.101225043234808
102;2021-07-04 05:00:00;;SOLD;;;BTC/USD;35209.0;35209.0;0.22513228689609105;7926.68268932447;5.548677882527128;;7932.231367206997;;1857.6461284695224;7926.68268932447;9784.328817793992;-2.1567118220600787
103;2021-07-04 09:00:00;;SOLD;;;BTC/USD;35483.0;35483.0;0.041807097723453965;1483.441248521317;1.038408873964922;;1484.479657395282;;373.16647107424046;9471.810184455317;9844.976655529557;-1.5502334447044268
104;2021-07-04 10:00:00;;SOLD;;;BTC/USD;35586.0;35586.0;0.00841341422256834;299.39975852431695;0.20957983096702187;;299.60933835528397;;73.5571327189565;9798.704699595448;9872.261832314405;-1.2773816768559483
105;2021-07-05 09:00:00;2021-07-04 05:00:00;SELL;102;SELL;BTC/USD;35209.0;34321.0;0.22513228689609105;7726.765218560741;5.548677882527128;5.408735652992519;7937.640102859989;-0.026603169644125037;7794.913615626705;1723.6181904994328;9518.531806126139;-4.814681938738613
106;2021-07-05 09:00:00;2021-07-04 09:00:00;SELL;103;SELL;BTC/USD;35483.0;34321.0;0.041807097723453965;1434.8614009666635;1.038408873964922;1.0044029806766643;1485.4840603759585;-0.03412515289011634;9228.770613612693;288.7567895327692;9517.527403145461;-4.8247259685453905
107;2021-07-05 09:00:00;2021-07-04 10:00:00;SELL;104;SELL;BTC/USD;35586.0;34321.0;0.00841341422256834;288.756789532768;0.20957983096702187;0.2021297526729376;299.8114681079569;-0.03692280391165067;9517.325273392787;1.19074888838e-12;9517.32527339279;-4.826747266072107
108;2021-07-11 23:00:00;;SOLD;;;BTC/USD;34257.0;34257.0;0.22139106797459304;7584.193815605634;5.308935670923944;;7589.502751276558;;1927.8225221162293;7584.193815605635;9512.016337721863;-4.879836622781368
109;2021-07-12 00:00:00;;SOLD;;;BTC/USD;34178.0;34178.0;0.04502022995863571;1538.7014195262511;1.0770909936683757;;1539.7785105199196;;388.0440115963097;9105.405340761892;9493.449352358202;-5.065506476417977
110;2021-07-12 01:00:00;;SOLD;;;BTC/USD;34158.0;34158.0;0.009082895701241961;310.2535513630229;0.217177485954116;;310.470728848977;;77.57328274733271;9410.33066616625;9487.903948913583;-5.12096051086417
111;2021-07-12 16:00:00;2021-07-11 23:00:00;SELL;108;SELL;BTC/USD;34257.0;33143.0;0.22139106797459304;7337.564165881937;5.308935670923944;5.136294916117356;7594.639046192676;-0.03389613801558819;7410.001153713152;1793.139893745325;9203.141047458477;-7.9685895254152275
112;2021-07-12 16:00:00;2021-07-12 00:00:00;SELL;109;SELL;BTC/USD;34178.0;33143.0;0.04502022995863571;1492.1054815190632;1.0770909936683757;1.0444738370633442;1540.822984356983;-0.03166144010767163;8901.062161395153;301.03441222626185;9202.096573621415;-7.979034263785853
113;2021-07-12 16:00:00;2021-07-12 01:00:00;SELL;110;SELL;BTC/USD;34158.0;33143.0;0.009082895701241961;301.0344122262623;0.217177485954116;0.21072408855838362;310.68145293753537;-0.03109405410152811;9201.885849532859;-4.599515213143945e-13;9201.885849532859;-7.981141504671413
114;2021-07-22 18:00:00;;SOLD;;;BTC/USD;32284.0;32284.0;0.22709491237741505;7331.532151192468;5.132072505834727;;7336.6642236983025;;1865.221625834556;7331.532151192467;9196.753777027023;-8.032462229729772
115;2021-07-22 19:00:00;;SOLD;;;BTC/USD;32388.0;32388.0;0.04622033517121933;1496.9842155254516;1.0478889508678162;;1498.0321044763195;;367.18952135823656;8852.134237605169;9219.323758963405;-7.8067624103659545
116;2021-07-22 20:00:00;;SOLD;;;BTC/USD;32226.0;32226.0;0.009069767107774152;292.28231481512984;0.20459762037059087;;292.4869124355004;;74.70260892273615;9100.13948231742;9174.842091240156;-8.251579087598438
117;2021-07-22 21:00:00;2021-07-22 18:00:00;SELL;114;SELL;BTC/USD;32284.0;32120.0;0.22709491237741505;7294.288585562572;5.132072505834727;5.106002009893801;7341.770225708196;-0.006476359806715405;7363.885192475414;1775.9180852012687;9139.803277676683;-8.601967223233167
118;2021-07-22 21:00:00;2021-07-22 19:00:00;SELL;115;SELL;BTC/USD;32388.0;32120.0;0.04622033517121933;1484.597165699565;1.0478889508678162;1.0392180159896955;1499.0713224923093;-0.009668877361985876;8847.44314015899;291.3209195017037;9138.764059660694;-8.612359403393057
119;2021-07-22 21:00:00;2021-07-22 20:00:00;SELL;116;SELL;BTC/USD;32226.0;32120.0;0.009069767107774152;291.32091950170576;0.20459762037059087;0.20392464365119403;292.6908370791516;-0.004686967045242977;9138.560135017045;-2.0616147677898766e-12;9138.560135017044;-8.614398649829564
120;2021-07-23 01:00:00;;SOLD;;;BTC/USD;32750.0;32750.0;0.22586653818628386;7397.129125600796;5.177990387920557;;7402.307115988717;;1736.2530190283287;7397.129125600794;9133.382144629122;-8.666178553708779
121;2021-07-23 03:00:00;;SOLD;;;BTC/USD;32605.0;32605.0;0.0425513100886151;1387.3854654392953;0.9711698258075068;;1388.3566352651028;;347.8963837632259;8751.763943003078;9099.660326766303;-9.00339673233697
122;2021-07-23 04:00:00;;SOLD;;;BTC/USD;32701.0;32701.0;0.008536025364532457;279.1365654455759;0.19539559581190313;;279.33196104138784;;68.56442272183807;9056.668621883045;9125.233044604884;-8.747669553951164
123;2021-07-23 18:00:00;2021-07-23 01:00:00;SELL;120;SELL;BTC/USD;32750.0;32142.0;0.22586653818628386;7259.802270383536;5.177990387920557;5.081861589268475;7407.388977577985;-0.019951890076335854;7323.284831516105;1642.049136135067;8965.333967651173;-10.346660323488267
124;2021-07-23 18:00:00;2021-07-23 03:00:00;SELL;121;SELL;BTC/USD;32605.0;32142.0;0.0425513100886151;1367.6842088682668;0.9711698258075068;0.9573789462077867;1389.3140142113107;-0.015590335838061534;8690.011661438164;274.3649272668004;8964.376588704965;-10.35623411295035
125;2021-07-23 18:00:00;2021-07-23 04:00:00;SELL;122;SELL;BTC/USD;32701.0;32142.0;0.008536025364532457;274.3649272668022;0.19539559581190313;0.19205544908676156;279.5240164904746;-0.01848231246750885;8964.18453325588;-1.8399969048399356e-12;8964.184533255879;-10.358154667441212
126;2021-07-23 20:00:00;;SOLD;;;BTC/USD;32488.0;32488.0;0.2222571011778561;7220.688703066189;5.0544820921463325;;7225.743185158335;;1738.4413480975454;7220.688703066187;8959.130051163733;-10.408699488362673
127;2021-07-23 22:00:00;;SOLD;;;BTC/USD;33155.0;33155.0;0.04263759514617807;1413.649467071534;0.9895546269500738;;1414.6390216984842;;323.80232639906126;8782.583656623352;9106.385983022414;-8.936140169775863
128;2021-07-24 05:00:00;;SOLD;;;BTC/USD;33772.0;33772.0;0.007684649829993444;259.5259940585386;0.181668195840977;;259.70766225437956;;64.0946641446817;9205.549678313819;9269.644342458501;-7.303556575414986
129;2021-07-27 02:00:00;2021-07-23 20:00:00;SELL;126;SELL;BTC/USD;32488.0;36550.0;0.2222571011778561;8123.497048050641;5.0544820921463325;5.686447933635448;7231.429633091971;0.12354325904949527;8181.905264261687;1839.278053879067;10021.183318140755;0.21183318140754637
130;2021-07-27 02:00:00;2021-07-23 22:00:00;SELL;127;SELL;BTC/USD;33155.0;36550.0;0.04263759514617807;1558.4041025928084;0.9895546269500738;1.090882871814966;1415.7299045702991;0.10092614990197538;9739.21848398268;280.8739512862586;10020.09243526894;0.2009243526893988
131;2021-07-27 02:00:00;2021-07-24 05:00:00;SELL;128;SELL;BTC/USD;33772.0;36550.0;0.007684649829993444;280.87395128626036;0.181668195840977;0.19661176590038226;259.90427402027996;0.08079991116901568;10019.89582350304;-1.7753160053146644e-12;10019.895823503039;0.1989582350303863
132;2021-07-28 11:00:00;;SOLD;;;BTC/USD;40790.0;40790.0;0.24367804659721012;9939.627520700202;6.957739264490141;;9946.585259964691;;73.31056353834902;9939.627520700198;10012.938084238547;0.12938084238547162
133;2021-08-02 03:00:00;2021-07-28 11:00:00;SELL;132;SELL;BTC/USD;40790.0;39788.0;0.24367804659721012;9695.462118009797;6.957739264490141;6.786823482606858;9953.372083447299;-0.025947648933562217;9761.985858065538;-2.2086776851892864e-12;9761.985858065536;-2.3801414193446364
134;2021-08-04 22:00:00;;SOLD;;;BTC/USD;39720.0;39720.0;0.19603365345781493;7786.456715344409;5.450519700741086;;7791.90723504515;;1970.0786230203885;7786.456715344407;9756.535338364796;-2.434646616352038
135;2021-08-04 23:00:00;;SOLD;;;BTC/USD;39732.0;39732.0;0.03967932775469061;1576.5390503493672;1.103577335244557;;1577.6426276846119;;392.4359953357766;9365.348169535268;9757.784164871044;-2.4221583512895632
136;2021-08-05 00:00:00;;SOLD;;;BTC/USD;39557.0;39557.0;0.007901661035654418;312.5660055873818;0.21879620391116728;;312.784801791293;;79.65119354448365;9636.664403410461;9716.315596954944;-2.8368440304505564
137;2021-08-05 13:00:00;2021-08-04 22:00:00;SELL;134;SELL;BTC/USD;39720.0;38036.0;0.19603365345781493;7456.336042921449;5.450519700741086;5.219435230045014;7797.126670275195;-0.04376709969788509;7530.767801235887;1809.7904896295615;9340.558290865449;-6.594417091345513
138;2021-08-05 13:00:00;2021-08-04 23:00:00;SELL;135;SELL;BTC/USD;39732.0;38036.0;0.03967932775469061;1509.242910477412;1.103577335244557;1.0564700373341884;1578.6990977219461;-0.04405611597704635;9038.954241675965;300.54757915214947;9339.501820828114;-6.604981791718855
139;2021-08-05 13:00:00;2021-08-05 00:00:00;SELL;136;SELL;BTC/USD;39557.0;38036.0;0.007901661035654418;300.54757915215146;0.21879620391116728;0.21038330540650602;312.99518509669946;-0.03982392749702947;9339.29143752271;-1.979458263967615e-12;9339.291437522708;-6.6070856247729175
140;2021-08-05 16:00:00;;SOLD;;;BTC/USD;39762.0;39762.0;0.19277138010264122;7664.97561564122;5.365482930948854;;7670.341098572169;;1668.9503389505408;7664.975615641218;9333.92595459176;-6.660740454082406
141;2021-08-06 00:00:00;;SOLD;;;BTC/USD;40085.0;40085.0;0.032649295034979035;1308.7469914771345;0.9161228940339942;;1309.6631143711686;;359.28722457937215;9035.987762891506;9395.274987470877;-6.04725012529123
142;2021-08-06 01:00:00;;SOLD;;;BTC/USD;40613.0;40613.0;0.007170507163864231;291.215807446018;0.2038510652122126;;291.41965851123024;;67.86756606814191;9446.225686810187;9514.093252878329;-4.859067471216713
143;2021-08-12 16:00:00;2021-08-05 16:00:00;SELL;140;SELL;BTC/USD;39762.0;44022.0;0.19277138010264122;8486.181694878473;5.365482930948854;5.9403271864149305;7676.281425758584;0.10566247170665467;8548.108933760199;1752.9473323974757;10301.056266157675;3.0105626615767505
144;2021-08-12 16:00:00;2021-08-06 00:00:00;SELL;141;SELL;BTC/USD;40085.0;44022.0;0.032649295034979035;1437.2872660298472;0.9161228940339942;1.006101086220893;1310.6692154573896;0.09674753897966823;9984.390098703825;315.6600663676286;10300.050165071454;3.0005016507145412
145;2021-08-12 16:00:00;2021-08-06 01:00:00;SELL;142;SELL;BTC/USD;40613.0;44022.0;0.007170507163864231;315.66006636763115;0.2038510652122126;0.2209620464573418;291.64062055768755;0.0824798832886021;10299.829203024998;-2.596443893221334e-12;10299.829203024996;2.9982920302499587
146;2021-08-13 12:00:00;;SOLD;;;BTC/USD;46558.0;46558.0;0.2122728355751944;9882.998678709902;6.918099075096932;;9889.916777785;;409.9124252399979;9882.998678709899;10292.911103949897;2.9291110394989666
147;2021-08-13 14:00:00;;SOLD;;;BTC/USD;46452.0;46452.0;0.007042563787303459;327.1411730478203;0.22899882113347422;;327.3701718689538;;82.54225337104413;10187.638931186748;10270.181184557792;2.701811845577922
148;2021-08-15 07:00:00;2021-08-13 12:00:00;SELL;146;SELL;BTC/USD;46558.0;45763.0;0.2122728355751944;9714.241774427623;6.918099075096932;6.799969242099336;9896.7167470271;-0.018463522917651222;9789.984058556567;322.28884659836507;10112.272905154932;1.1227290515493222
149;2021-08-15 07:00:00;2021-08-13 14:00:00;SELL;147;SELL;BTC/USD;46452.0;45763.0;0.007042563787303459;322.2888465983682;0.22899882113347422;0.22560219261885772;327.5957740615726;-0.01622213252389568;10112.047302962317;-3.1357529420295016e-12;10112.047302962314;1.1204730296231356
150;2021-08-16 03:00:00;;SOLD;;;BTC/USD;47380.0;47380.0;0.2040731331473075;9668.98504851943;6.768289533963601;;9675.753338053393;;436.29396490892395;9668.985048519426;10105.27901342835;1.0527901342834958
151;2021-08-16 04:00:00;;SOLD;;;BTC/USD;47435.0;47435.0;0.007366719542573642;349.4403415019807;0.24460823905138648;;349.6849497410321;;86.60901516789187;10029.649412344508;10116.2584275124;1.1625842751240087
152;2021-08-17 19:00:00;2021-08-16 03:00:00;SELL;150;SELL;BTC/USD;47380.0;45477.0;0.2040731331473075;9280.633876140102;6.768289533963601;6.4964437132980715;9682.249781766692;-0.04153651118615469;9360.746447594696;335.0163046376192;9695.762752232316;-3.0423724776768357
153;2021-08-17 19:00:00;2021-08-16 04:00:00;SELL;151;SELL;BTC/USD;47435.0;45477.0;0.007366719542573642;335.01630463762154;0.24460823905138648;0.23451141324633507;349.9194611542784;-0.042648643406766974;9695.528240819072;-2.327255575751419e-12;9695.52824081907;-3.0447175918092944
154;2021-08-19 18:00:00;;SOLD;;;BTC/USD;46596.0;46596.0;0.16959118839984386;7902.271014679124;5.531589710275387;;7907.8026043894;;1787.7256364296727;7902.271014679121;9689.996651108795;-3.1000334889120493
155;2021-08-19 22:00:00;;SOLD;;;BTC/USD;46823.0;46823.0;0.030679376818408266;1436.5004607683302;1.005550322537831;;1437.506011090868;;350.2196253388047;9377.268675214216;9727.488300553021;-2.7251169944697904
156;2021-08-19 23:00:00;;SOLD;;;BTC/USD;46767.0;46767.0;0.0059837195453312205;279.8406119765052;0.19588842838355364;;280.0365004048888;;70.1831249339159;9645.8941355385;9716.077260472415;-2.8392273952758478
157;2021-08-24 19:00:00;2021-08-19 18:00:00;SELL;154;SELL;BTC/USD;46596.0;48234.0;0.16959118839984386;8180.061381278068;5.531589710275387;5.7260429668946475;7913.528647356295;0.03372862477465872;8244.51846324509;1768.407790008608;10012.926253253698;0.12926253253697723
158;2021-08-24 19:00:00;2021-08-19 22:00:00;SELL;155;SELL;BTC/USD;46823.0;48234.0;0.030679376818408266;1479.7890614591042;1.005550322537831;1.0358523430213729;1438.5418634338894;0.028713668496251843;9723.27167236117;288.61872854950354;10011.890400910674;0.11890400910673633
159;2021-08-24 19:00:00;2021-08-19 23:00:00;SELL;156;SELL;BTC/USD;46767.0;48234.0;0.0059837195453312205;288.6187285495061;0.19588842838355364;0.20203310998465426;280.23853351487344;0.029946314709089636;10011.68836780069;-2.552015890278092e-12;10011.688367800689;0.11688367800688866
160;2021-08-28 00:00:00;;SOLD;;;BTC/USD;49276.0;49276.0;0.19963739330603597;9837.332192548229;6.88613253478376;;9844.218325083013;;167.47004271767764;9837.332192548225;10004.802235265903;0.048022352659027094
161;2021-08-30 12:00:00;2021-08-28 00:00:00;SELL;160;SELL;BTC/USD;49276.0;47610.0;0.19963739330603597;9504.736295300372;6.88613253478376;6.65331540671026;9850.871640489724;-0.03518589577076082;9665.553022611339;-2.642885910120185e-12;9665.553022611337;-3.344469773886631
162;2021-09-01 23:00:00;;SOLD;;;BTC/USD;48846.0;48846.0;0.15967543092737518;7799.506099078568;5.459654269354997;;7804.965753347923;;1860.5872692634157;7799.506099078566;9660.093368341983;-3.3990663165801744
163;2021-09-02 01:00:00;;SOLD;;;BTC/USD;49731.0;49731.0;0.030487686194968097;1516.1831221619584;1.061328185513371;;1517.2444503474717;;343.342818915944;9457.001977611251;9800.344796527195;-1.9965520347280472
164;2021-09-02 04:00:00;;SOLD;;;BTC/USD;49400.0;49400.0;0.005538234033646972;273.5887612621604;0.1915121328835123;;273.78027339504393;;69.56254552090007;9667.646747105917;9737.209292626816;-2.6279070737318397
165;2021-09-07 13:00:00;2021-09-01 23:00:00;SELL;162;SELL;BTC/USD;48846.0;50583.0;0.15967543092737518;8076.862322599419;5.459654269354997;5.653803625819593;7810.619556973743;0.034135849404250074;8140.771064494499;1822.2991229240342;9963.070187418532;-0.3692981258146756
166;2021-09-07 13:00:00;2021-09-02 01:00:00;SELL;163;SELL;BTC/USD;49731.0;50583.0;0.030487686194968097;1542.1586308000713;1.061328185513371;1.07951104156005;1518.3239613890316;0.015720178560656474;9681.85018425301;280.14049212396293;9961.990676376972;-0.3800932362302774
167;2021-09-07 13:00:00;2021-09-02 04:00:00;SELL;164;SELL;BTC/USD;49400.0;50583.0;0.005538234033646972;280.1404921239648;0.1915121328835123;0.19609834448677535;273.9763717395307;0.02253060526315802;9961.794578032488;-1.8426978692920315e-12;9961.794578032486;-0.3820542196751376
168;2021-09-15 10:00:00;;SOLD;;;BTC/USD;47631.0;47631.0;0.20788697736577502;9901.86461890923;6.931305233236461;;9908.795924142467;;52.99865389002116;9901.864618909229;9954.86327279925;-0.45136727200750104
169;2021-09-17 20:00:00;2021-09-15 10:00:00;SELL;168;SELL;BTC/USD;47631.0;46970.0;0.20788697736577502;9764.451326870452;6.931305233236461;6.835115928809317;9915.631040071275;-0.015267802481577141;9810.614864831665;-1.30367938666609e-12;9810.614864831663;-1.89385135168337
172;2021-09-18 09:00:00;;SOLD;;;BTC/USD;48623.0;48623.0;0.20138089758342922;9791.743383199078;6.854220368239355;;9798.597603567317;;12.017261264347326;9791.743383199078;9803.760644463426;-1.962393555365743
173;2021-09-19 22:00:00;2021-09-18 09:00:00;SELL;172;SELL;BTC/USD;48623.0;47056.0;0.20138089758342922;9476.179516685846;6.854220368239355;6.633325661680092;9805.230929228997;-0.03360498735166464;9481.563452288514;-1.3060663661690342e-12;9481.563452288512;-5.18436547711488
174;2021-10-01 07:00:00;;SOLD;;;BTC/USD;44799.0;44799.0;0.1723568079672524;7721.41264012494;5.4049888480874575;;7726.817628973027;;1754.7458233154866;7721.412640124939;9476.158463440424;-5.238415365595756
175;2021-10-01 10:00:00;;SOLD;;;BTC/USD;47103.0;47103.0;0.03125590939488321;1472.2471002271836;1.0305729701590285;;1473.2776731973427;;281.46815011814397;9590.769825908672;9872.237976026816;-1.2776202397318412
176;2021-10-01 14:00:00;;SOLD;;;BTC/USD;47157.0;47157.0;0.004790131894454458;225.8882497467889;0.15812177482275222;;226.04637152161163;;55.421778596532334;9827.653162393017;9883.074940989549;-1.1692505901045116
177;2021-10-13 07:00:00;2021-10-01 07:00:00;SELL;174;SELL;BTC/USD;44799.0;54614.0;0.1723568079672524;9413.094710323521;5.4049888480874575;6.589166297226464;7733.4067952702535;0.21753634902564783;9461.927322622827;1968.6184989758858;11430.545821598713;14.30545821598713
178;2021-10-13 07:00:00;2021-10-01 10:00:00;SELL;175;SELL;BTC/USD;47103.0;54614.0;0.03125590939488321;1707.0102356921516;1.0305729701590285;1.194907164984506;1474.472580362327;0.15794743646901488;11167.742651149993;261.60826328373423;11429.350914433726;14.29350914433726
179;2021-10-13 07:00:00;2021-10-01 14:00:00;SELL;176;SELL;BTC/USD;47157.0;54614.0;0.004790131894454458;261.60826328373577;0.15812177482275222;0.18312578429861504;226.22949730591026;0.15662065653031354;11429.167788649429;-1.5158430066719575e-12;11429.167788649427;14.291677886494272
180;2021-10-14 01:00:00;;SOLD;;;BTC/USD;58310.0;58310.0;0.16971166334747598;9895.887089791324;6.927120962853927;;9902.814210754177;;1526.3535778952519;9895.887089791322;11422.240667686574;14.222406676865738
181;2021-10-14 04:00:00;;SOLD;;;BTC/USD;57997.0;57997.0;0.021023791985609778;1219.3168637894103;0.8535218046525872;;1220.170385594063;;306.1831923011889;11062.084202952972;11368.26739525416;13.682673952541608
182;2021-10-14 05:00:00;;SOLD;;;BTC/USD;57974.0;57974.0;0.004223434899062902;244.84941483827268;0.17139459038679086;;245.02080942865948;;61.162382872529435;11302.546702318585;11363.709085191114;13.637090851911143
183;2021-10-21 16:00:00;2021-10-14 01:00:00;SELL;180;SELL;BTC/USD;58310.0;62799.0;0.16971166334747598;10657.722746558144;6.927120962853927;7.4604059225907005;9910.274616676768;0.07553119019036189;10711.424723508082;1585.500601130558;12296.92532463864;22.969253246386394
184;2021-10-21 16:00:00;2021-10-14 04:00:00;SELL;181;SELL;BTC/USD;57997.0;62799.0;0.021023791985609778;1320.2731129043084;0.8535218046525872;0.9241911790330158;1221.094576773096;0.0813394279014431;12030.773645233357;265.2274882262494;12296.001133459607;22.960011334596075
185;2021-10-21 16:00:00;2021-10-14 05:00:00;SELL;182;SELL;BTC/USD;57974.0;62799.0;0.004223434899062902;265.2274882262512;0.17139459038679086;0.18565924175837584;245.20646867041785;0.08176870493669576;12295.81547421785;-1.7430223930858801e-12;12295.815474217849;22.958154742178483
186;2021-10-25 13:00:00;;SOLD;;;BTC/USD;63232.0;63232.0;0.1562475088088519;9879.842477001324;6.915889733900927;;9886.758366735225;;2409.0571074826257;9879.842477001323;12288.899584483948;22.888995844839485
187;2021-10-25 14:00:00;;SOLD;;;BTC/USD;63333.0;63333.0;0.030478961380093948;1930.32406108549;1.351226842759843;;1931.6752879282499;;477.38181955437585;11825.947536476506;12303.329356030881;23.033293560308813
188;2021-10-25 17:00:00;;SOLD;;;BTC/USD;63092.0;63092.0;0.006001971642990738;378.6763948995716;0.26507347642970014;;378.9414683760013;;98.44035117837456;12159.622852060542;12258.063203238917;22.58063203238917
189;2021-10-26 21:00:00;2021-10-25 13:00:00;SELL;186;SELL;BTC/USD;63232.0;60790.0;0.1562475088088519;9498.286060490107;6.915889733900927;6.648800242343075;9893.407166977568;-0.03999265245445346;9590.077611426139;2217.675918473317;11807.753529899455;18.077535298994555
190;2021-10-26 21:00:00;2021-10-25 14:00:00;SELL;187;SELL;BTC/USD;63333.0;60790.0;0.030478961380093948;1852.816062295911;1.351226842759843;1.2969712436071377;1932.972259171857;-0.04152473591966283;11441.596702478442;364.85985617740573;11806.456558655847;18.064565586558473
191;2021-10-26 21:00:00;2021-10-25 17:00:00;SELL;188;SELL;BTC/USD;63092.0;60790.0;0.006001971642990738;364.859856177407;0.26507347642970014;0.2554018993241849;379.19687027532547;-0.03786086033094508;11806.201156756524;-1.2127191612032462e-12;11806.201156756522;18.06201156756522
192;2021-10-29 15:00:00;;SOLD;;;BTC/USD;62327.0;62327.0;0.15993211045107383;9968.088648084078;6.977662053658855;;9975.066310137738;;1831.1348466187865;9968.088648084076;11799.223494702863;17.992234947028628
193;2021-10-29 18:00:00;;SOLD;;;BTC/USD;62085.0;62085.0;0.02347082188763786;1457.1859768939964;1.0200301838257975;;1458.2060070778223;;372.9288395409642;11386.571054248914;11759.499893789878;17.59499893789878
194;2021-10-29 19:00:00;;SOLD;;;BTC/USD;62558.0;62558.0;0.004805396982085389;300.61602440529776;0.21043121708370843;;300.82645562238145;;72.10238391858275;11773.936665650423;11846.039049569004;18.460390495690046
195;2021-11-04 18:00:00;2021-10-29 15:00:00;SELL;192;SELL;BTC/USD;62327.0;60766.0;0.15993211045107383;9718.434623669953;6.977662053658855;6.802904236568967;9981.869214374306;-0.026427793733053033;9783.734103351968;1718.2327158376017;11501.966819189569;15.01966819189569
196;2021-11-04 18:00:00;2021-10-29 18:00:00;SELL;193;SELL;BTC/USD;62085.0;60766.0;0.02347082188763786;1426.227962824202;1.0200301838257975;0.9983595739769414;1459.2043666517993;-0.02263019569944448;11208.963706602191;292.0047530133997;11500.968459615591;15.009684596155912
197;2021-11-04 18:00:00;2021-10-29 19:00:00;SELL;194;SELL;BTC/USD;62558.0;60766.0;0.004805396982085389;292.0047530134007;0.21043121708370843;0.2044033271093805;301.03085894949083;-0.030025365261037797;11500.764056288484;-1.0541220674120666e-12;11500.764056288483;15.007640562884827
198;2021-11-07 20:00:00;;SOLD;;;BTC/USD;62707.0;62707.0;0.1572554116722027;9861.015099728815;6.9027105698101705;;9867.917810298624;;1632.84624598986;9861.015099728813;11493.861345718673;14.93861345718673
199;2021-11-07 23:00:00;;SOLD;;;BTC/USD;63337.0;63337.0;0.0207807349155566;1316.1894073466085;0.921332585142626;;1317.1107399317511;;315.73550605810897;11276.275416428909;11592.010922487018;15.920109224870176
200;2021-11-08 00:00:00;;SOLD;;;BTC/USD;65070.0;65070.0;0.0039880070866395185;259.4996211276335;0.18164973478934343;;259.6812708624228;;56.05423519568615;11844.31167959313;11900.365914788816;19.003659147888158
201;2021-11-10 21:00:00;2021-11-07 20:00:00;SELL;198;SELL;BTC/USD;62707.0;64283.0;0.1572554116722027;10108.849628524205;6.9027105698101705;7.076194739966944;9874.994005038592;0.02371516736568474;10157.827668979924;1592.209042127171;11750.036711107095;17.500367111070954
202;2021-11-10 21:00:00;2021-11-07 23:00:00;SELL;199;SELL;BTC/USD;63337.0;64283.0;0.0207807349155566;1335.847982576725;0.921332585142626;0.9350935878037074;1318.045833519555;0.01352552220660895;11492.740557968846;256.36105955044604;11749.101617519293;17.491016175192925
203;2021-11-10 21:00:00;2021-11-08 00:00:00;SELL;200;SELL;BTC/USD;65070.0;64283.0;0.0039880070866395185;256.36105955044815;0.18164973478934343;0.1794527416853137;259.86072360410816;-0.01348620101429251;11748.922164777608;-2.1187513549181247e-12;11748.922164777607;17.489221647776066
204;2021-11-15 06:00:00;;SOLD;;;BTC/USD;65691.0;65691.0;0.1491015868668888;9794.632342872792;6.856242640010954;;9801.488585512803;;1947.4335792648053;9794.63234287279;11742.065922137595;17.420659221375956
205;2021-11-15 07:00:00;;SOLD;;;BTC/USD;65607.0;65607.0;0.023716290868031304;1555.9546949789299;1.089168286485251;;1557.0438632654152;;390.3897159993901;11338.062504554902;11728.452220554293;17.284522205542924
206;2021-11-15 08:00:00;;SOLD;;;BTC/USD;65759.0;65759.0;0.004760342231766612;313.0353448187406;0.21912474137311844;;313.2544695601137;;77.13524643927639;11677.36616678935;11754.501413228627;17.54501413228627
207;2021-11-15 23:00:00;2021-11-15 06:00:00;SELL;204;SELL;BTC/USD;65691.0;63616.0;0.1491015868668888;9485.246550123997;6.856242640010954;6.639672585086798;9808.12825809789;-0.032965168744576966;9555.742123978187;1811.5694912767428;11367.31161525493;13.673116152549301
208;2021-11-15 23:00:00;2021-11-15 07:00:00;SELL;205;SELL;BTC/USD;65607.0;63616.0;0.023716290868031304;1508.7355598606794;1.089168286485251;1.0561148919024756;1558.0999781573178;-0.03172612830947939;11063.421568946964;302.83393141606336;11366.255500363028;13.662555003630278
209;2021-11-15 23:00:00;2021-11-15 08:00:00;SELL;206;SELL;BTC/USD;65759.0;63616.0;0.004760342231766612;302.8339314160648;0.21912474137311844;0.21198375199124536;313.46645331210493;-0.033965882997003996;11366.043516611036;-1.4346301924206273e-12;11366.043516611035;13.660435166110346
210;2021-12-01 17:00:00;;SOLD;;;BTC/USD;58056.0;58056.0;0.16755000854846983;9727.283296289965;6.809098307402976;;9734.092394597368;;1631.9511220136683;9727.283296289963;11359.234418303631;13.592344183036312
211;2021-12-01 18:00:00;2021-12-01 17:00:00;SELL;210;SELL;BTC/USD;58056.0;57506.0;0.16755000854846983;9635.130791588306;6.809098307402976;6.744591554111814;9740.83698615148;-0.01086698015708979;11260.337322047862;-1.5961121313523563e-12;11260.33732204786;12.603373220478607
212;2021-12-22 04:00:00;;SOLD;;;BTC/USD;49339.0;49339.0;0.19886363636363635;9811.732954545454;6.868213068181817;;9818.601167613635;;1441.7361544342275;9811.732954545452;11253.46910897968;12.534691089796798
213;2021-12-22 05:00:00;;SOLD;;;BTC/USD;48997.0;48997.0;0.02337682003176761;1145.3940510965176;0.8017758357675623;;1146.1958269322852;;295.54032750194233;10889.115642005607;11184.655969507548;11.846559695075484
214;2021-12-22 06:00:00;;SOLD;;;BTC/USD;49084.0;49084.0;0.004825443639438208;236.852075598185;0.1657964529187295;;237.01787205110372;;58.522455450838606;11145.302637310191;11203.82509276103;12.038250927610296
215;2021-12-22 12:00:00;2021-12-22 04:00:00;SELL;212;SELL;BTC/USD;49339.0;48593.0;0.19886363636363635;9663.380681818182;6.868213068181817;6.764366477272727;9825.365534090908;-0.01650930095867355;9715.138770791747;1370.432598574903;11085.571369366651;10.855713693666512
216;2021-12-22 12:00:00;2021-12-22 05:00:00;SELL;213;SELL;BTC/USD;48997.0;48593.0;0.02337682003176761;1135.9498158036834;0.8017758357675623;0.7951648710625784;1146.9909918033477;-0.009639630997816272;10850.29342172437;234.48278277121958;11084.776204495589;10.84776204495589
217;2021-12-22 12:00:00;2021-12-22 06:00:00;SELL;214;SELL;BTC/USD;49084.0;48593.0;0.004825443639438208;234.48278277122083;0.1657964529187295;0.1641379479398546;237.18200999904357;-0.011396257436231775;11084.61206654765;-1.2644312680221148e-12;11084.612066547648;10.846120665476484
218;2021-12-23 17:00:00;;SOLD;;;BTC/USD;50077.0;50077.0;0.19956015313187261;9993.373788384784;6.995361651869349;;10000.369150036653;;1084.242916510997;9993.373788384784;11077.616704895781;10.776167048957813
219;2021-12-23 23:00:00;;SOLD;;;BTC/USD;50848.0;50848.0;0.01708108019158342;868.5387655816338;0.6079771359071436;;869.146742717541;;215.09617379345605;11015.77343203109;11230.869605824546;12.30869605824546
220;2021-12-28 04:00:00;2021-12-23 17:00:00;SELL;218;SELL;BTC/USD;50077.0;49074.0;0.19956015313187261;9793.214954793517;6.995361651869349;6.855250468355462;10007.224400505009;-0.021415134692573327;10001.455878118617;838.2369293217631;10839.69280744038;8.396928074403805
221;2021-12-28 04:00:00;2021-12-23 23:00:00;SELL;219;SELL;BTC/USD;50848.0;49074.0;0.01708108019158342;838.2369293217648;0.6079771359071436;0.5867658505252353;869.7335085680662;-0.03626387271869103;10839.106041589857;-1.7025963972017166e-12;10839.106041589856;8.391060415898554
