,time,roi%,cash,portfolio,wallet,asset%
0,2022-01-01 00:00:00,0.0,1000,0,1000,0
1,2022-01-01 01:00:00,0.0,1000,0,1000,0
2,2022-01-01 02:00:00,0.0,1000,0,1000,0
3,2022-01-01 03:00:00,0.0,1000,0,1000,0
4,2022-01-01 04:00:00,0.0,1000,0,1000,0
5,2022-01-01 05:00:00,0.0,1000,0,1000,0
6,2022-01-01 06:00:00,0.0,1000,0,1000,0
7,2022-01-01 07:00:00,0.0,1000,0,1000,0
8,2022-01-01 08:00:00,0.0,1000,0,1000,0
9,2022-01-01 09:00:00,0.0,1000,0,1000,0
10,2022-01-01 10:00:00,0.0,1000,0,1000,0
11,2022-01-01 11:00:00,0.0,1000,0,1000,0
12,2022-01-01 12:00:00,0.0,1000,0,1000,0
13,2022-01-01 13:00:00,-0.0016010292354394552,990.0,9.9839897076456,999.9839897076456,0.9984149556798914
14,2022-01-01 14:00:00,-0.0026367804878987045,990.0,9.973632195121006,999.973632195121,0.9973895184843123
15,2022-01-01 15:00:00,-0.005654713734122652,980.0,19.943452862658784,999.9434528626588,1.9944580671601235
16,2022-01-01 16:00:00,-0.008191165635889775,980.0,19.918088343641127,999.9180883436411,1.9919720000900607
17,2022-01-01 17:00:00,-0.010918444645449199,980.0,19.89081555354549,999.8908155535455,1.9892987558380377
18,2022-01-01 18:00:00,-0.015959035576065615,970.0,29.840409644239354,999.8404096442393,2.984517264595966
19,2022-01-01 19:00:00,-0.02049817367567357,970.0,29.79501826324324,999.7950182632433,2.980112695000276
20,2022-01-01 20:00:00,-0.025189371241413027,970.0,29.74810628758587,999.7481062875859,2.975560153652202
21,2022-01-01 21:00:00,-0.029985333340277975,970.0,29.70014666659718,999.7001466665972,2.9709055025778905
22,2022-01-01 22:00:00,-0.03483809011803487,970.0,29.651619098819598,999.6516190988197,2.966195275665173
23,2022-01-01 23:00:00,-0.042037677189637176,960.0,39.57962322810359,999.5796232281036,3.9596268579668252
24,2022-01-02 00:00:00,-0.04848392503403147,960.0,39.51516074965964,999.5151607496597,3.9534328543873563
25,2022-01-02 01:00:00,-0.05481267996972292,960.0,39.45187320030277,999.4518732003028,3.9473509688841335
26,2022-01-02 02:00:00,-0.06096059555180773,960.0,39.390394044481894,999.3903940444819,3.9414421310446044
27,2022-01-02 03:00:00,-0.06686561620597331,960.0,39.331343837940295,999.3313438379403,3.9357660580211506
28,2022-01-02 04:00:00,-0.0745909324932768,950.0,49.254090675067246,999.2540906750672,4.929085718507553
29,2022-01-02 05:00:00,-0.08116269175418438,950.0,49.18837308245819,999.1883730824582,4.922832811866488
30,2022-01-02 06:00:00,-0.08721133143127417,950.0,49.127886685687244,999.1278866856873,4.917076916815379
31,2022-01-02 07:00:00,-0.092670659484088,950.0,49.0732934051591,999.0732934051591,4.911881213229285
32,2022-01-02 08:00:00,-0.09747858113595384,950.0,49.02521418864049,999.0252141886405,4.907304990140452
33,2022-01-02 09:00:00,-0.10157752362181327,950.0,48.98422476378189,998.9842247637819,4.9034032319544
34,2022-01-02 10:00:00,-0.10491483002516588,950.0,48.950851699748306,998.9508516997483,4.90022623399908
35,2022-01-02 11:00:00,-0.1086588088696658,940.0,58.91341191130335,998.9134119113033,5.897749615612775
36,2022-01-02 12:00:00,-0.11067875207402267,940.0,58.89321247925973,998.8932124792598,5.895846697474935
37,2022-01-02 13:00:00,-0.11163099469380314,940.0,58.88369005306193,998.883690053062,5.894949596177105
38,2022-01-02 14:00:00,-0.11147970248396177,940.0,58.88520297516034,998.8852029751604,5.895092128682244
39,2022-01-02 15:00:00,-0.1101966728777711,940.0,58.89803327122227,998.8980332712223,5.896300854486735
40,2022-01-02 16:00:00,-0.1077615289318146,940.0,58.922384710681854,998.9223847106819,5.898594887104022
41,2022-01-02 17:00:00,-0.10416186037164152,940.0,58.95838139628361,998.9583813962836,5.901985757792548
42,2022-01-02 18:00:00,-0.09939331011213426,940.0,59.006066898878615,999.0060668988787,5.906477333220372
43,2022-01-02 19:00:00,-0.09345960555585861,940.0,59.0654039444414,999.0654039444414,5.912065787809629
44,2022-01-02 20:00:00,-0.08637253565639184,940.0,59.136274643436025,999.1362746434361,5.918739629840796
45,2022-01-02 21:00:00,-0.07815187223709472,940.0,59.218481277628996,999.218481277629,5.9264797826708095
46,2022-01-02 22:00:00,-0.06882523724906378,940.0,59.31174762750931,999.3117476275094,5.935259719334111
47,2022-01-02 23:00:00,-0.0584279167233035,940.0,59.415720832767,999.415720832767,5.9450456495980095
48,2022-01-03 00:00:00,-0.04700262205573154,940.0,59.5299737794427,999.5299737794427,5.955796758585115
49,2022-01-03 01:00:00,-0.03459920094786639,940.0,59.65400799052133,999.6540079905213,5.967465494430046
50,2022-01-03 02:00:00,-0.021274299861170222,940.0,59.78725700138833,999.7872570013883,5.979997902824372
51,2022-01-03 03:00:00,-0.007090979843314926,940.0,59.929090201566865,999.9290902015669,5.993334006263013
52,2022-01-03 04:00:00,0.007881711137952153,940.0,60.07881711137957,1000.0788171113795,6.007408224574818
53,2022-01-03 05:00:00,0.023569206856609525,940.0,60.23569206856607,1000.2356920685661,6.022149833905039
54,2022-01-03 06:00:00,0.03989192882735324,940.0,60.3989192882735,1000.3989192882735,6.037483460222435
55,2022-01-03 07:00:00,0.056765826796743114,940.0,60.56765826796738,1000.5676582679674,6.053329604198183
56,2022-01-03 08:00:00,0.0705293037666479,950.0244357198486,50.6808573178179,1000.7052930376665,5.064513765483828
57,2022-01-03 09:00:00,0.08530534527310465,950.0244357198486,50.82861773288238,1000.853053452731,5.07852951614969
58,2022-01-03 10:00:00,0.0966491150234674,960.0491216267211,40.91736952351355,1000.9664911502347,4.087786143219881
59,2022-01-03 11:00:00,0.1088170208518477,960.0491216267211,41.03904858179733,1001.0881702085185,4.0994439653851105
60,2022-01-03 12:00:00,0.12104162919529245,960.0491216267211,41.16129466523182,1001.2104162919529,4.111153259638999
61,2022-01-03 13:00:00,0.1332572358389484,960.0491216267211,41.28345073166833,1001.3325723583895,4.122851075785485
62,2022-01-03 14:00:00,0.14539809301363676,960.0491216267211,41.4048593034153,1001.4539809301364,4.134474483286695
63,2022-01-03 15:00:00,0.1573988560218595,960.0491216267211,41.524866933497435,1001.5739885602186,4.145960998167515
64,2022-01-03 16:00:00,0.169195027258138,960.0491216267211,41.64282864586026,1001.6919502725814,4.157249005997141
65,2022-01-03 17:00:00,0.18072339451305197,960.0491216267211,41.75811231840946,1001.8072339451305,4.168278178024872
66,2022-01-03 18:00:00,0.19192246048851302,960.0491216267211,41.870102978164,1001.9192246048851,4.178989877619706
67,2022-01-03 19:00:00,0.20273286049115313,960.0491216267211,41.978206978190435,1002.0273286049115,4.189327554233003
68,2022-01-03 20:00:00,0.21309776589291687,960.0491216267211,42.081856032208016,1002.1309776589292,4.199237122727723
69,2022-01-03 21:00:00,0.2229632700531056,960.0491216267211,42.18051107380995,1002.229632700531,4.208667325087324
70,2022-01-03 22:00:00,0.2322787545633787,960.0491216267211,42.27366591891271,1002.3227875456338,4.217570072653674
71,2022-01-03 23:00:00,0.23812019807311344,970.4568513309068,31.924350649824305,1002.3812019807311,3.18485129078049
72,2022-01-04 00:00:00,0.24420833908794748,970.4568513309068,31.985232059972663,1002.4420833908795,3.1907311743915234
73,2022-01-04 01:00:00,0.24978489088874767,970.4568513309068,32.04099757798061,1002.4978489088875,3.1961163420803183
74,2022-01-04 02:00:00,0.2548240141414567,970.4568513309068,32.091388810507745,1002.5482401414146,3.200982010200436
75,2022-01-04 03:00:00,0.25707901385736703,981.0629839085459,21.507806230027775,1002.5707901385737,2.1452655953655904
76,2022-01-04 04:00:00,0.2596899620733325,981.0629839085459,21.53391571218746,1002.5968996207333,2.1478139140798667
77,2022-01-04 05:00:00,0.26190407222109113,981.0629839085459,21.556056813665048,1002.6190407222109,2.1499748097879428
78,2022-01-04 06:00:00,0.2620609559211971,991.7925311953682,10.828078363843808,1002.620609559212,1.0799776366659988
79,2022-01-04 07:00:00,0.262764388050698,991.7925311953682,10.83511268513887,1002.627643880507,1.0806716482704717
80,2022-01-04 08:00:00,0.26326187816492846,991.7925311953682,10.84008758628116,1002.6326187816493,1.08116247000357
81,2022-01-04 09:00:00,0.2635539013255766,991.7925311953682,10.843007817887608,1002.6355390132558,1.081450576603215
82,2022-01-04 10:00:00,0.26364230026837276,991.7925311953682,10.843891807315522,1002.6364230026837,1.0815377896247138
83,2022-01-04 11:00:00,0.2635302724872076,991.7925311953682,10.84277152950391,1002.6353027248721,1.0814272647328893
84,2022-01-04 12:00:00,0.2632223482909808,991.7925311953682,10.839692287541597,1002.6322234829098,1.0811234701680585
85,2022-01-04 13:00:00,0.2632223482909808,991.7925311953682,0,1002.6322234829098,0
86,2022-01-04 14:00:00,0.2632223482909808,991.7925311953682,0,1002.6322234829098,0
87,2022-01-04 15:00:00,0.2632223482909808,991.7925311953682,0,1002.6322234829098,0
88,2022-01-04 16:00:00,0.26082115961971797,992.6246356983085,9.983575897888773,1002.6082115961972,0.995760435872999
89,2022-01-04 17:00:00,0.2597354657931987,992.6246356983085,9.97271895962359,1002.597354657932,0.9946883375755664
90,2022-01-04 18:00:00,0.2585176262093,992.6246356983085,9.960540563784523,1002.585176262093,0.9934857206766307
91,2022-01-04 19:00:00,0.2571791991193777,992.6246356983085,9.947156292885351,1002.5717919911938,0.9921639898853969
92,2022-01-04 20:00:00,0.2557325322519318,992.6246356983085,9.932689624210882,1002.5573253225193,0.9907353298740866
93,2022-01-04 21:00:00,0.25419067847022914,992.6246356983085,9.917271086393853,1002.5419067847023,0.9892126223630874
94,2022-01-04 22:00:00,0.25256730663826377,992.6246356983085,9.901037368074231,1002.5256730663826,0.9876093584506769
95,2022-01-04 23:00:00,0.2484698727361206,982.6246356983085,19.860063029052714,1002.4846987273612,1.9810839062446297
96,2022-01-05 00:00:00,0.24250420370165102,972.6246356983085,29.800406338708054,1002.4250420370165,2.9728313927743653
97,2022-01-05 01:00:00,0.2371245199064333,972.6246356983085,29.746609500755834,1002.3712451990643,2.9676239859462803
98,2022-01-05 02:00:00,0.2316765801286806,972.6246356983085,29.69213010297839,1002.3167658012868,2.962349939267101
99,2022-01-05 03:00:00,0.22620655712516963,972.6246356983085,29.63742987294325,1002.2620655712517,2.9570539373902207
100,2022-01-05 04:00:00,0.22076067209594613,972.6246356983085,29.582971022650987,1002.2076067209595,2.9517807312839177
101,2022-01-05 05:00:00,0.2153848791163341,972.6246356983085,29.52921309285494,1002.1538487911633,2.946574832644131
102,2022-01-05 06:00:00,0.2101245514638322,972.6246356983085,29.47660981632987,1002.1012455146383,2.9414802095363015
103,2022-01-05 07:00:00,0.20502417181708096,972.6246356983085,29.425606019862354,1002.0502417181708,2.9365399852014984
104,2022-01-05 08:00:00,0.20012702866140444,972.6246356983085,29.37663458830562,1002.001270286614,2.9317961423245182
105,2022-01-05 09:00:00,0.19547492082310783,972.6246356983085,29.33011350992257,1001.9547492082311,2.9272892346785055
106,2022-01-05 10:00:00,0.19110787202741902,972.6246356983085,29.286443021965727,1001.9110787202742,2.9230581080481572
107,2022-01-05 11:00:00,0.1870638576497754,972.6246356983085,29.246002878189334,1001.8706385764978,2.919139632611986
108,2022-01-05 12:00:00,0.18141899551727647,962.6246356983085,39.189554256864284,1001.8141899551728,3.9118585711605727
109,2022-01-05 13:00:00,0.17700015645259554,962.6246356983085,39.145365866217524,1001.770001564526,3.9076200929436693
110,2022-01-05 14:00:00,0.1731477217821066,962.6246356983085,39.106841519512585,1001.7314772178211,3.9039245954541384
111,2022-01-05 15:00:00,0.1698983929349538,962.6246356983085,39.07434823104111,1001.6989839293495,3.900807413996244
112,2022-01-05 16:00:00,0.16728461629065805,962.6246356983085,39.04821046459807,1001.6728461629066,3.89829979061322
113,2022-01-05 17:00:00,0.16533436129434448,962.6246356983085,39.02870791463499,1001.6533436129434,3.8964286560317594
114,2022-01-05 18:00:00,0.1640709291909161,962.6246356983085,39.01607359360065,1001.6407092919092,3.895216441550416
115,2022-01-05 19:00:00,0.16267010706354768,952.6246356983085,49.00206537232705,1001.6267010706355,4.892248311666303
116,2022-01-05 20:00:00,0.16287194205272043,952.6246356983085,49.00408372221879,1001.6287194205272,4.8924399602448645
117,2022-01-05 21:00:00,0.16398734289778077,952.6246356983085,49.01523773066931,1001.6398734289778,4.893499053993559
118,2022-01-05 22:00:00,0.16602053938288464,952.6246356983085,49.03556969552041,1001.6602053938288,4.895429551006351
119,2022-01-05 23:00:00,0.168969319005555,952.6246356983085,49.06505749174713,1001.6896931900556,4.898229244576821
120,2022-01-06 00:00:00,0.17282504081518937,952.6246356983085,49.103614709843406,1001.7282504081519,4.90188977797484
121,2022-01-06 01:00:00,0.17590378283146038,962.629906254924,39.12913157339063,1001.7590378283146,3.906042281207423
122,2022-01-06 02:00:00,0.18037650929267102,962.629906254924,39.1738588380027,1001.8037650929267,3.910332562422438
123,2022-01-06 03:00:00,0.18552054440473284,962.629906254924,39.2252991891233,1001.8552054440473,3.915266295565901
124,2022-01-06 04:00:00,0.1913093442449963,962.629906254924,39.28318718752604,1001.91309344245,3.9208178278770514
125,2022-01-06 05:00:00,0.19771181772864566,962.629906254924,39.34721192236242,1001.9771181772865,3.9269571339053733
126,2022-01-06 06:00:00,0.2046925376237823,962.629906254924,39.417019121313864,1002.0469253762378,3.933650024075867
127,2022-01-06 07:00:00,0.21221198148547274,962.629906254924,39.492213559930754,1002.1221198148547,3.9408583823323915
128,2022-01-06 08:00:00,0.2202268003711879,962.629906254924,39.572361748787905,1002.2022680037119,3.948540430627058
129,2022-01-06 09:00:00,0.2286901136062852,962.629906254924,39.65699488113892,1002.2869011360629,3.9566510184048975
130,2022-01-06 10:00:00,0.2375518276096841,962.629906254924,39.745612021172896,1002.3755182760968,3.9651419349834187
131,2022-01-06 11:00:00,0.24675897686375947,962.629906254924,39.837683513713664,1002.4675897686376,3.9739622428000807
132,2022-01-06 12:00:00,0.2562560840440483,962.629906254924,39.93265458551654,1002.5625608404405,3.9830586284851193
133,2022-01-06 13:00:00,0.2659855376137557,962.629906254924,40.029949121213605,1002.6598553761376,3.992375769966055
134,2022-01-06 14:00:00,0.27588798382496404,962.629906254924,40.12897358332563,1002.7588798382496,4.001856716521788
135,2022-01-06 15:00:00,0.2827033091837734,972.63473145861,30.192301633227718,1002.8270330918377,3.010718761753079
136,2022-01-06 16:00:00,0.2902575011367503,972.63473145861,30.267843552757498,1002.9025750113675,3.018024313320207
137,2022-01-06 17:00:00,0.2978031073586294,972.63473145861,30.34329961497635,1002.9780310735863,3.0253204631508153
138,2022-01-06 18:00:00,0.3052934414830929,972.63473145861,30.41820295622098,1003.0529344148309,3.0325620824753976
139,2022-01-06 19:00:00,0.3126820725469088,972.63473145861,30.49208926685918,1003.1268207254691,3.03970431623063
140,2022-01-06 20:00:00,0.31992314098081354,972.63473145861,30.564499951198126,1003.1992314098081,3.0467028875456235
141,2022-01-06 21:00:00,0.32697167081180395,972.63473145861,30.6349852495081,1003.269716708118,3.0535143979054995
142,2022-01-06 22:00:00,0.33378387569898677,972.63473145861,30.703107298379955,1003.3378387569899,3.0600966207371654
143,2022-01-06 23:00:00,0.3403174570605074,972.63473145861,30.76844311199511,1003.4031745706051,3.0664087867932164
144,2022-01-07 00:00:00,0.34653189194127665,972.63473145861,30.83058746080278,1003.4653189194128,3.072411859136584
145,2022-01-07 01:00:00,0.3497533257865257,982.7649817669305,20.73255149093474,1003.4975332578653,2.0660291434525297
146,2022-01-07 02:00:00,0.3508895332354882,993.0087432036836,10.500152128671264,1003.5088953323549,1.0463437023339677
147,2022-01-07 03:00:00,0.3508895332354882,993.0087432036836,0,1003.5088953323549,0
148,2022-01-07 04:00:00,0.3508895332354882,993.0087432036836,0,1003.5088953323549,0
149,2022-01-07 05:00:00,0.3508895332354882,993.0087432036836,0,1003.5088953323549,0
150,2022-01-07 06:00:00,0.3508895332354882,993.0087432036836,0,1003.5088953323549,0
151,2022-01-07 07:00:00,0.3508895332354882,993.0087432036836,0,1003.5088953323549,0
152,2022-01-07 08:00:00,0.3508895332354882,993.0087432036836,0,1003.5088953323549,0
153,2022-01-07 09:00:00,0.3508895332354882,993.0087432036836,0,1003.5088953323549,0
154,2022-01-07 10:00:00,0.3508895332354882,993.0087432036836,0,1003.5088953323549,0
155,2022-01-07 11:00:00,0.3508895332354882,993.0087432036836,0,1003.5088953323549,0
156,2022-01-07 12:00:00,0.3508895332354882,993.0087432036836,0,1003.5088953323549,0
157,2022-01-07 13:00:00,0.3508895332354882,993.0087432036836,0,1003.5088953323549,0
158,2022-01-07 14:00:00,0.3508895332354882,993.0087432036836,0,1003.5088953323549,0
159,2022-01-07 15:00:00,0.3508895332354882,993.0087432036836,0,1003.5088953323549,0
160,2022-01-07 16:00:00,0.3508895332354882,993.0087432036836,0,1003.5088953323549,0
161,2022-01-07 17:00:00,0.3508895332354882,993.0087432036836,0,1003.5088953323549,0
162,2022-01-07 18:00:00,0.3508895332354882,993.0087432036836,0,1003.5088953323549,0
163,2022-01-07 19:00:00,0.3482827846206874,993.5015452258648,9.981282620342121,1003.4828278462069,0.9946640184929847
164,2022-01-07 20:00:00,0.3469591171405796,993.5015452258648,9.968045945540979,1003.4695911714058,0.9933580482398799
165,2022-01-07 21:00:00,0.34549345225988193,993.5015452258648,9.953389296733995,1003.4549345225988,0.9919119388724114
166,2022-01-07 22:00:00,0.34389617348094814,993.5015452258648,9.937416508944704,1003.4389617348095,0.9903359235487789
167,2022-01-07 23:00:00,0.34217852028605195,993.5015452258648,9.920239976995768,1003.4217852028605,0.9886410802801342
168,2022-01-08 00:00:00,0.3403525115275329,993.5015452258648,9.901979889410585,1003.4035251152753,0.9868392567459839
169,2022-01-08 01:00:00,0.3384308635057437,993.5015452258648,9.88276340919261,1003.3843086350574,0.9849429898536599
170,2022-01-08 02:00:00,0.33642690333878134,993.5015452258648,9.862723807522995,1003.3642690333878,0.9829654206267937
171,2022-01-08 03:00:00,0.33435447815713815,993.5015452258648,9.84199955570662,1003.3435447815714,0.9809202049383026
172,2022-01-08 04:00:00,0.3322278607005387,993.5015452258648,9.820733381140593,1003.3222786070054,0.9788214206481614
173,2022-01-08 05:00:00,0.33006165210762217,993.5015452258648,9.799071295211458,1003.3006165210762,0.9766834719178716
174,2022-01-08 06:00:00,0.32493682451798805,983.5015452258648,19.747823019315117,1003.2493682451799,1.9683862900264524
175,2022-01-08 07:00:00,0.3204917231965737,983.5015452258648,19.703372006100984,1003.2049172319657,1.9640426066158405
176,2022-01-08 08:00:00,0.31605708567246893,983.5015452258648,19.659025630859944,1003.1605708567247,1.9597087646766893
177,2022-01-08 09:00:00,0.3116630223708512,983.5015452258648,19.61508499784367,1003.1166302237085,1.9554141967987555
178,2022-01-08 10:00:00,0.30733928479569383,983.5015452258648,19.571847622092147,1003.0733928479569,1.9511879949804223
179,2022-01-08 11:00:00,0.30311506285170253,983.5015452258648,19.529605402652233,1003.031150628517,1.9470587120265046
180,2022-01-08 12:00:00,0.2990187859519665,983.5015452258648,19.48864263365489,1002.9901878595197,1.9430541663867702
181,2022-01-08 13:00:00,0.2950779293828646,983.5015452258648,19.44923406796381,1002.9507792938286,1.9392012518957207
182,2022-01-08 14:00:00,0.29131882716405927,983.5015452258648,19.41164304577577,1002.9131882716406,1.9355257536525778
183,2022-01-08 15:00:00,0.28776649258795717,983.5015452258648,19.376119700014833,1002.8776649258796,1.9320521712333556
184,2022-01-08 16:00:00,0.28444444794566837,983.5015452258648,19.342899253591895,1002.8444444794567,1.9288035507473098
185,2022-01-08 17:00:00,0.28137456421097795,983.5015452258648,19.312200416245027,1002.8137456421098,1.9258013265343974
186,2022-01-08 18:00:00,0.27857691215381236,983.5015452258648,19.28422389567329,1002.7857691215381,1.9230651739869309
187,2022-01-08 19:00:00,0.2760696256185383,983.5015452258648,19.259151030320538,1002.7606962561854,1.9206128742605013
188,2022-01-08 20:00:00,0.27386877809776705,983.5015452258648,19.237142555112893,1002.7386877809777,1.918460192025098
189,2022-01-08 21:00:00,0.27198827321151386,983.5015452258648,19.218337506250382,1002.7198827321151,1.9166207668971413
190,2022-01-08 22:00:00,0.2689340851788188,973.5015452258648,29.18779562592337,1002.6893408517882,2.910951023088391
191,2022-01-08 23:00:00,0.26709910531225206,973.5015452258648,29.169445827257718,1002.6709910531225,2.9091742044537012
192,2022-01-09 00:00:00,0.2657933274944185,973.5015452258648,29.156388049079386,1002.6579332749442,2.9079097747570763
193,2022-01-09 01:00:00,0.2640600806053726,963.5015452258648,39.13905558018897,1002.6406008060537,3.9035977147468275
194,2022-01-09 02:00:00,0.2637500055656801,963.5015452258648,39.135954829792055,1002.6375000556568,3.9033005276203614
195,2022-01-09 03:00:00,0.26416242748025526,963.5015452258648,39.14007904893779,1002.6416242748026,3.9036958072878027
196,2022-01-09 04:00:00,0.26529114283351873,963.5015452258648,39.15136620247035,1002.6529114283352,3.904777591150365
197,2022-01-09 05:00:00,0.2671249019081188,963.5015452258648,39.16970379321635,1002.6712490190812,3.906535051397583
198,2022-01-09 06:00:00,0.26964748594166393,963.5015452258648,39.194929633551844,1002.6964748594166,3.908952571020775
199,2022-01-09 07:00:00,0.2728378176068986,963.5015452258648,39.22683295020415,1002.728378176069,3.912009852713704
200,2022-01-09 08:00:00,0.2766701050716847,963.5015452258648,39.26515582485201,1002.7667010507168,3.9156820608132756
201,2022-01-09 09:00:00,0.2811140179910126,963.5015452258648,39.30959495404528,1002.8111401799101,3.919939994582919
202,2022-01-09 10:00:00,0.28613489422247085,963.5015452258648,39.359803716359885,1002.8613489422247,3.924750291540792
203,2022-01-09 11:00:00,0.29169397664276175,963.5015452258648,39.41539454056282,1002.9169397664276,3.93007566007833
204,2022-01-09 12:00:00,0.29774867717226244,963.5015452258648,39.47594154585786,1002.9774867717226,3.9358751384259705
205,2022-01-09 13:00:00,0.30425286738516205,963.5015452258648,39.54098344798689,1003.0425286738516,3.9421043791896886
206,2022-01-09 14:00:00,0.31115719325166535,963.5015452258648,39.610026706651865,1003.1115719325167,3.948715956924141
207,2022-01-09 15:00:00,0.31840941144887436,963.5015452258648,39.68254888862397,1003.1840941144887,3.9556596961051085
208,2022-01-09 16:00:00,0.32595474595880203,963.5015452258648,39.75800223372325,1003.259547459588,3.9628830180980397
209,2022-01-09 17:00:00,0.33373626136467466,963.5015452258648,39.83581738778191,1003.3373626136467,3.970331303522025
210,2022-01-09 18:00:00,0.3416952513076012,963.5015452258648,39.91540728721119,1003.416952513076,3.977948268388562
211,2022-01-09 19:00:00,0.3497716388079198,963.5015452258648,39.99617116221444,1003.4977163880792,3.985676350731909
212,2022-01-09 20:00:00,0.35790438596103513,963.5015452258648,40.07749863374552,1003.5790438596104,3.9934571052434134
213,2022-01-09 21:00:00,0.36603191007817487,963.5015452258648,40.158773874916925,1003.6603191007817,4.001231603028476
214,2022-01-09 22:00:00,0.3740925039286253,963.5015452258648,40.23937981342147,1003.7409250392863,4.008940834194492
215,2022-01-09 23:00:00,0.3820247564213105,963.5015452258648,40.3187023383483,1003.8202475642131,4.01652610974747
216,2022-01-10 00:00:00,0.38707616362211184,973.7664621020444,30.104299534176697,1003.8707616362211,2.9988222273860567
217,2022-01-10 01:00:00,0.3926613514549103,973.7664621020444,30.16015141250461,1003.9266135145491,3.004218735363521
218,2022-01-10 02:00:00,0.39801802553015475,973.7664621020444,30.213718153257144,1003.9801802553015,3.009393885203403
219,2022-01-10 03:00:00,0.4031043780921095,973.7664621020444,30.264581678876603,1004.0310437809211,3.0143073629385024
220,2022-01-10 04:00:00,0.40559162009069494,983.8061387966674,20.24977740423953,1004.055916200907,2.016797777643655
221,2022-01-10 05:00:00,0.40854932705843794,983.8061387966674,20.279354473917063,1004.0854932705844,2.0196840418301027
222,2022-01-10 06:00:00,0.41125029497029575,983.8061387966674,20.3063641530356,1004.112502949703,2.022319619901473
223,2022-01-10 07:00:00,0.4136722609584126,983.8061387966674,20.330583812916778,1004.1367226095841,2.0246828300513675
224,2022-01-10 08:00:00,0.4157947856242686,983.8061387966674,20.351809059575295,1004.1579478562427,2.026753769466644
225,2022-01-10 09:00:00,0.4175993925748685,983.8061387966674,20.3698551290813,1004.1759939257487,2.0285144488912668
226,2022-01-10 10:00:00,0.41906969455960735,983.8061387966674,20.384558148928736,1004.1906969455961,2.02994891417851
227,2022-01-10 11:00:00,0.42019150540553485,983.8061387966674,20.39577625738802,1004.2019150540553,2.0310433540937964
228,2022-01-10 12:00:00,0.42095293696713726,983.8061387966674,20.403390573004046,1004.2095293696714,2.031786193645362
229,2022-01-10 13:00:00,0.42134448036146066,983.8061387966674,20.40730600694725,1004.2134448036146,2.0321681722692064
230,2022-01-10 14:00:00,0.42135907110567816,983.8061387966674,20.40745191438939,1004.2135907110568,2.0321824065276215
231,2022-01-10 15:00:00,0.42099213751906744,983.8061387966674,20.403782578523312,1004.2099213751907,2.031824436725526
232,2022-01-10 16:00:00,0.4202416321706437,983.8061387966674,20.39627752503907,1004.2024163217064,2.0310922572511436
233,2022-01-10 17:00:00,0.41910804617184566,983.8061387966674,20.384941665051066,1004.1910804617185,2.0299863304579686
234,2022-01-10 18:00:00,0.4175944060955885,983.8061387966674,20.36980526428848,1004.1759440609559,2.0285095838794542
235,2022-01-10 19:00:00,0.41570625372218045,983.8061387966674,20.350923740554435,1004.1570625372218,2.026667390969037
236,2022-01-10 20:00:00,0.4134516085391965,983.8061387966674,20.3283772887246,1004.134516085392,2.0244675352834767
237,2022-01-10 21:00:00,0.4114498773156015,994.22163970904,9.892859064116037,1004.114498773156,0.9852321698574513
238,2022-01-10 22:00:00,0.41001048148995095,994.22163970904,9.878465105859481,1004.1001048148995,0.9838127750898427
239,2022-01-10 23:00:00,0.40841116437765096,994.22163970904,9.862471934736506,1004.0841116437765,0.9822356334859983
240,2022-01-11 00:00:00,0.40666031931310725,994.22163970904,9.844963484091117,1004.0666031931311,0.9805090073489328
241,2022-01-11 01:00:00,0.4047673368644723,994.22163970904,9.826033659604745,1004.0476733686447,0.9786421422239611
242,2022-01-11 02:00:00,0.4027425410068986,994.22163970904,9.80578570102898,1004.027425410069,0.9766452043901153
243,2022-01-11 03:00:00,0.4005971190064315,994.22163970904,9.784331481024347,1004.0059711900643,0.974529212154667
244,2022-01-11 04:00:00,0.39834304529877046,994.22163970904,9.761790743947746,1003.9834304529877,0.9723059612192324
245,2022-01-11 05:00:00,0.3928869867909839,984.22163970904,19.707230158869802,1003.9288698679098,1.9630106026797243
246,2022-01-11 06:00:00,0.38796393498727183,984.22163970904,19.65799964083268,1003.8796393498727,1.9582028432774563
247,2022-01-11 07:00:00,0.38290156767400274,984.22163970904,19.60737596769999,1003.82901567674,1.9532585392026658
248,2022-01-11 08:00:00,0.37772875110180165,984.22163970904,19.555647801977962,1003.777287511018,1.9482058465846
249,2022-01-11 09:00:00,0.37247503578212215,984.22163970904,19.503110648781167,1003.7247503578212,1.9430736007883074
250,2022-01-11 10:00:00,0.3637522288890523,974.22163970904,29.4158825798505,1003.6375222888905,2.930926945892257
251,2022-01-11 11:00:00,0.355698607730983,974.22163970904,29.335346368269814,1003.5569860773098,2.923137078935141
252,2022-01-11 12:00:00,0.344221437951694,964.22163970904,39.22057467047695,1003.4422143795169,3.9086032168508247
253,2022-01-11 13:00:00,0.33352559278606575,964.22163970904,39.113616218820674,1003.3352559278607,3.898359594934131
254,2022-01-11 14:00:00,0.31957578343582327,954.22163970904,48.97411812531821,1003.1957578343582,4.88181072765307
255,2022-01-11 15:00:00,0.3065784392500973,954.22163970904,48.84414468346096,1003.065784392501,4.869485675163673
256,2022-01-11 16:00:00,0.2939069255892036,954.22163970904,48.71742954685209,1002.939069255892,4.857466524162518
257,2022-01-11 17:00:00,0.28163173230234406,954.22163970904,48.59467761398347,1002.8163173230234,4.845820393479929
258,2022-01-11 18:00:00,0.2698204846679005,954.22163970904,48.47656513763898,1002.698204846679,4.8346117409327025
259,2022-01-11 19:00:00,0.25853748398762944,954.22163970904,48.36373513083626,1002.5853748398763,4.823901918433676
260,2022-01-11 20:00:00,0.24493386201809245,944.22163970904,58.22769891114093,1002.4493386201809,5.808542802899977
261,2022-01-11 21:00:00,0.23280844867667838,944.22163970904,58.10644477772681,1002.3280844867668,5.797148226918106
262,2022-01-11 22:00:00,0.22152401136366962,944.22163970904,57.99360040459671,1002.2152401136367,5.786541461694504
263,2022-01-11 23:00:00,0.21113714686327967,944.22163970904,57.889731759592784,1002.1113714686328,5.776776255392966
264,2022-01-12 00:00:00,0.20169814677697104,944.22163970904,57.79534175872976,1002.0169814677697,5.767900427602561
265,2022-01-12 01:00:00,0.19325065600288555,944.22163970904,57.71086685098886,1001.9325065600289,5.759955533245415
266,2022-01-12 02:00:00,0.18384686787896953,934.22163970904,67.61682896974975,1001.8384686787897,6.7492745670788485
267,2022-01-12 03:00:00,0.17638376786412663,934.22163970904,67.54219796960129,1001.7638376786413,6.742327425804758
268,2022-01-12 04:00:00,0.17018749268947886,934.22163970904,67.48023521785481,1001.7018749268948,6.73655874136999
269,2022-01-12 05:00:00,0.1652751473346484,934.22163970904,67.43111176430652,1001.6527514733465,6.731984878504158
270,2022-01-12 06:00:00,0.1604180266700496,924.22163970904,77.38254055766053,1001.6041802667005,7.725860382996367
271,2022-01-12 07:00:00,0.15774380270423763,924.22163970904,77.35579831800233,1001.5774380270424,7.723396652223084
272,2022-01-12 08:00:00,0.1565407940072987,924.22163970904,77.343768231033,1001.565407940073,7.722288291695946
273,2022-01-12 09:00:00,0.15678739852994567,924.22163970904,77.34623427625948,1001.5678739852995,7.722515496477949
274,2022-01-12 10:00:00,0.15845190116464208,924.22163970904,77.36287930260644,1001.5845190116464,7.724049027729318
275,2022-01-12 11:00:00,0.16149269227047397,924.22163970904,77.39328721366473,1001.6149269227047,7.726850422591318
276,2022-01-12 12:00:00,0.16585855299007335,924.22163970904,77.43694582086076,1001.6585855299007,7.730872269206858
277,2022-01-12 13:00:00,0.17148900609432757,924.22163970904,77.49325035190323,1001.7148900609433,7.736058545280146
278,2022-01-12 14:00:00,0.17831473064395595,924.22163970904,77.56150759739954,1001.7831473064396,7.742345018075447
279,2022-01-12 15:00:00,0.18625803593109821,924.22163970904,77.64094065027098,1001.862580359311,7.749659701076529
280,2022-01-12 16:00:00,0.19523339298996234,924.22163970904,77.73069422085966,1001.9523339298996,7.757923365074769
281,2022-01-12 17:00:00,0.2031660762701108,934.2471840098952,67.78447675280586,1002.0316607627011,6.764704091406791
282,2022-01-12 18:00:00,0.2125325072850046,934.2471840098952,67.87814106295482,1002.12532507285,6.7734183903615435
283,2022-01-12 19:00:00,0.2225386617003437,934.2471840098952,67.97820260710823,1002.2253866170034,6.782726072881433
284,2022-01-12 20:00:00,0.23308824876515927,934.2471840098952,68.08369847775637,1002.3308824876516,6.792537241672302
285,2022-01-12 21:00:00,0.2417551264160352,944.2892139000276,58.128337364132776,1002.4175512641604,5.798814804352384
286,2022-01-12 22:00:00,0.25141514538801174,944.2892139000276,58.22493755385251,1002.5141514538801,5.807891835682591
287,2022-01-12 23:00:00,0.2612746191871679,944.2892139000276,58.323532291844074,1002.6127461918717,5.817154480966733
288,2022-01-13 00:00:00,0.27124178346227834,944.2892139000276,58.423203934595264,1002.7124178346228,5.82651644633676
289,2022-01-13 01:00:00,0.28122398877987964,944.2892139000276,58.52302598777119,1002.8122398877988,5.835890674242182
290,2022-01-13 02:00:00,0.29112833319654785,944.2892139000276,58.62206943193795,1002.9112833319655,5.84518993915177
291,2022-01-13 03:00:00,0.3008622969848716,944.2892139000276,58.71940906982113,1003.0086229698487,5.854327442964196
292,2022-01-13 04:00:00,0.31033437481918325,944.2892139000276,58.81412984816428,1003.1033437481918,5.863217405736047
293,2022-01-13 05:00:00,0.317187944191744,954.3534902684142,48.81838917350315,1003.1718794419174,4.866403272853073
294,2022-01-13 06:00:00,0.3243823788517147,954.3534902684142,48.89033352010287,1003.2438237885171,4.8732254673126105
295,2022-01-13 07:00:00,0.3311424399754287,954.3534902684142,48.95793413134,1003.3114243997543,4.87963487115975
296,2022-01-13 08:00:00,0.33740072528324844,954.3534902684142,49.020516984418244,1003.3740072528325,4.885567757394172
297,2022-01-13 09:00:00,0.3430931369775294,954.3534902684142,49.07744110136101,1003.4309313697753,4.890963549864444
298,2022-01-13 10:00:00,0.34815931982323034,954.3534902684142,49.128102929818105,1003.4815931982323,4.8957652300567025
299,2022-01-13 11:00:00,0.35254307383070227,954.3534902684142,49.1719404698928,1003.525430738307,4.899919719395288
300,2022-01-13 12:00:00,0.35619273870310053,954.3534902684142,49.208437118616786,1003.561927387031,4.903378234638747
301,2022-01-13 13:00:00,0.35906154716568606,954.3534902684142,49.23712520324259,1003.5906154716569,4.906096613916886
302,2022-01-13 14:00:00,0.36110794516326905,954.3534902684142,49.257589183218464,1003.6110794516327,4.908035611776279
303,2022-01-13 15:00:00,0.3622958765005819,954.3534902684142,49.26946849659161,1003.6229587650058,4.90916116120136
304,2022-01-13 16:00:00,0.362595029866111,954.3534902684142,49.27246003024688,1003.6259502986611,4.909444600907767
305,2022-01-13 17:00:00,0.36198104709546897,954.3534902684142,49.26632020254043,1003.6198104709547,4.908862867047424
306,2022-01-13 18:00:00,0.36043569038613443,954.3534902684142,49.25086663544714,1003.6043569038613,4.907398647350138
307,2022-01-13 19:00:00,0.3579469682805893,954.3534902684142,49.2259794143916,1003.5794696828059,4.905040497684762
308,2022-01-13 20:00:00,0.3545092188159856,954.3534902684142,49.19160191974561,1003.5450921881599,4.901782919638096
309,2022-01-13 21:00:00,0.350314976630375,964.3567812219458,39.14636854435799,1003.5031497663037,3.9009711681995634
310,2022-01-13 22:00:00,0.3460717493937409,964.3567812219458,39.10393627199167,1003.4607174939374,3.896907531133915
311,2022-01-13 23:00:00,0.3410894843329288,964.3567812219458,39.054113621383514,1003.4108948433293,3.8921356965614122
312,2022-01-14 00:00:00,0.33538381184473565,964.3567812219458,38.997056896501554,1003.3538381184474,3.886670426220854
313,2022-01-14 01:00:00,0.32897521928493917,964.3567812219458,38.932970970903575,1003.2897521928494,3.8805311113573495
314,2022-01-14 02:00:00,0.3218889126416798,964.3567812219458,38.86210790447099,1003.2188891264168,3.8737416455855755
315,2022-01-14 03:00:00,0.31415464613311317,964.3567812219458,38.78476523938537,1003.1415464613311,3.866330267767495
316,2022-01-14 04:00:00,0.30580652064057856,964.3567812219458,38.70128398446005,1003.0580652064058,3.8583293756275445
317,2022-01-14 05:00:00,0.2968827528726365,964.3567812219458,38.61204630678057,1002.9688275287264,3.8497753117531133
318,2022-01-14 06:00:00,0.28742541587963616,964.3567812219458,38.51747293685062,1002.8742541587964,3.8407081223915553
319,2022-01-14 07:00:00,0.2774801540900171,964.3567812219458,38.418020318954426,1002.7748015409002,3.83117129189125
320,2022-01-14 08:00:00,0.2670958733784573,964.3567812219458,38.31417751183877,1002.6709587337846,3.8212114530796364
321,2022-01-14 09:00:00,0.25281481267081746,954.3567812219458,48.17136690476235,1002.5281481267082,4.804988966621418
322,2022-01-14 10:00:00,0.23881440233915327,954.3567812219458,48.03136280144573,1002.3881440233915,4.791693027080025
323,2022-01-14 11:00:00,0.2207802784906562,944.3567812219458,57.85102156296078,1002.2078027849066,5.772357928386309
324,2022-01-14 12:00:00,0.2031148590644193,944.3567812219458,57.674367368698476,1002.0311485906442,5.755745961571895
325,2022-01-14 13:00:00,0.1814060705197221,934.3567812219458,67.45727948325141,1001.8140607051972,6.733512947079907
326,2022-01-14 14:00:00,0.16022455361763832,934.3567812219458,67.24546431423062,1001.6022455361764,6.713789292498327
327,2022-01-14 15:00:00,0.1389797045675209,934.3567812219458,67.03301582372947,1001.3897970456752,6.693998283335014
328,2022-01-14 16:00:00,0.11392121051068216,924.3567812219458,76.78243088316101,1001.1392121051068,7.669505894361057
329,2022-01-14 17:00:00,0.08974327167821912,924.3567812219458,76.5406514948364,1000.8974327167822,7.647202299947814
330,2022-01-14 18:00:00,0.06587030650423457,924.3567812219458,76.30192184309658,1000.6587030650423,7.625169461813694
331,2022-01-14 19:00:00,0.042425009978501294,924.3567812219458,76.0674688778392,1000.424250099785,7.603521093201412
332,2022-01-14 20:00:00,0.019527066504610956,924.3567812219458,75.83848944310029,1000.1952706650461,7.582368330203566
333,2022-01-14 21:00:00,-0.0027076625683207568,924.3567812219458,75.61614215237104,999.9729233743168,7.561818963778671
334,2022-01-14 22:00:00,-0.02416792551674689,924.3567812219458,75.4015395228868,999.7583207448325,7.541976691597996
335,2022-01-14 23:00:00,-0.0447478359767274,924.3567812219458,75.19574041828699,999.5525216402327,7.522940394857216
336,2022-01-15 00:00:00,-0.06434759087997008,924.3567812219458,74.99974286925449,999.3565240912003,7.504803447143963
337,2022-01-15 01:00:00,-0.08287414819689047,924.3567812219458,74.81447729608534,999.1712585180311,7.487653058300539
338,2022-01-15 02:00:00,-0.10024185797481096,924.3567812219458,74.64080019830615,998.9975814202519,7.471569660077759
339,2022-01-15 03:00:00,-0.11637304292913768,924.3567812219458,74.47948834876281,998.8362695707086,7.456626337845488
340,2022-01-15 04:00:00,-0.13388772239044328,914.3567812219458,84.30434155414981,998.6611227760956,8.441736604284658
341,2022-01-15 05:00:00,-0.15166267558942081,904.3567812219458,94.12659202216004,998.4833732441058,9.426956376483226
342,2022-01-15 06:00:00,-0.16694031843949234,904.3567812219458,93.97381559365928,998.3305968156051,9.413095811488642
343,2022-01-15 07:00:00,-0.18036850031805898,904.3567812219458,93.83953377487369,998.1963149968194,9.400909657252411
344,2022-01-15 08:00:00,-0.1919077421234306,904.3567812219458,93.72414135681987,998.0809225787657,9.390435107672689
345,2022-01-15 09:00:00,-0.20325759889306028,894.3567812219458,103.61064278912363,997.9674240110694,10.382166821907644
346,2022-01-15 10:00:00,-0.21177292591376046,894.3567812219458,103.5254895189166,997.8822707408624,10.374519375121846
347,2022-01-15 11:00:00,-0.21815349302440837,894.3567812219458,103.46168384781018,997.8184650697559,10.368788258551353
348,2022-01-15 12:00:00,-0.2224136997431742,894.3567812219458,103.41908178062246,997.7758630025683,10.364961271904034
349,2022-01-15 13:00:00,-0.22458246142564348,894.3567812219458,103.3973941637978,997.7541753857436,10.363012925886594
350,2022-01-15 14:00:00,-0.2247030082542551,894.3567812219458,103.39618869551163,997.7529699174574,10.362904627992782
351,2022-01-15 15:00:00,-0.2228325866122077,894.3567812219458,103.41489291193221,997.7716741338779,10.364584963960034
352,2022-01-15 16:00:00,-0.21904206525828157,894.3567812219458,103.45279812547138,997.8095793474172,10.367990072126899
353,2022-01-15 17:00:00,-0.21341544861467127,894.3567812219458,103.50906429190755,997.8658455138533,10.37304410780843
354,2022-01-15 18:00:00,-0.2060382858749449,884.3567812219458,113.5828359193048,997.9396171412506,11.381734322230844
355,2022-01-15 19:00:00,-0.19617245485145532,884.3567812219458,113.68149422953965,998.0382754514854,11.39049443550782
356,2022-01-15 20:00:00,-0.18464924906060104,884.3567812219458,113.79672628744822,998.153507509394,11.400723979961292
357,2022-01-15 21:00:00,-0.17161116529912307,884.3567812219458,113.92710712506305,998.2838883470088,11.412295485776825
358,2022-01-15 22:00:00,-0.15721105832666354,884.3567812219458,114.07110819478758,998.4278894167334,11.425072296550752
359,2022-01-15 23:00:00,-0.14161109535643845,884.3567812219458,114.22710782448988,998.5838890464356,11.438909547556115
360,2022-01-16 00:00:00,-0.12498164671372933,884.3567812219458,114.39340231091694,998.7501835328627,11.453655197967025
361,2022-01-16 01:00:00,-0.10973973832660704,894.4010157720204,104.50158684471356,998.9026026167339,10.461639260019975
362,2022-01-16 02:00:00,-0.09318416549206177,894.4010157720204,104.66714257305897,999.0681583450794,10.476476674668158
363,2022-01-16 03:00:00,-0.0761898210311756,894.4010157720204,104.83708601766786,999.2381017896882,10.491702210904398
364,2022-01-16 04:00:00,-0.05893100807559222,894.4010157720204,105.00967414722368,999.4106899192441,10.507159389670809
365,2022-01-16 05:00:00,-0.04394381040889357,904.4280639823563,95.13249791355473,999.5605618959111,9.517432113679304
366,2022-01-16 06:00:00,-0.030691525252109386,914.491708966167,85.20137578131182,999.6930847474789,8.522753341125048
367,2022-01-16 07:00:00,-0.016948167640350675,914.491708966167,85.3388093574295,999.8305183235965,8.535327517359244
368,2022-01-16 08:00:00,-0.003559645449547588,914.491708966167,85.4726945793375,999.9644035455045,8.547573721252764
369,2022-01-16 09:00:00,0.009335507549224076,914.491708966167,85.60164610932524,1000.0933550754922,8.559365550715372
370,2022-01-16 10:00:00,0.019422837063120823,924.7016426190371,75.49258575159413,1000.1942283706312,7.547792579704795
371,2022-01-16 11:00:00,0.029556606468929658,924.7016426190371,75.59392344565221,1000.2955660646893,7.557158704906579
372,2022-01-16 12:00:00,0.03891094684501013,924.7016426190371,75.68746684941303,1000.3891094684501,7.5658027594511745
373,2022-01-16 13:00:00,0.04738051402184738,924.7016426190371,75.77216252118136,1000.4738051402185,7.573627828322974
374,2022-01-16 14:00:00,0.05486601321970284,924.7016426190371,75.8470175131599,1000.548660132197,7.580542609805569
375,2022-01-16 15:00:00,0.06127487821377144,924.7016426190371,75.91110616310057,1000.6127487821377,7.586462020945988
376,2022-01-16 16:00:00,0.06652190506691795,924.7016426190371,75.96357643163212,1000.6652190506692,7.591307760621354
377,2022-01-16 17:00:00,0.0705298352656655,924.7016426190371,76.00365573361958,1000.7052983526567,7.5950088261484625
378,2022-01-16 18:00:00,0.07322988504080286,924.7016426190371,76.0306562313709,1000.732298850408,7.597501981170305
379,2022-01-16 19:00:00,0.07456221668136323,924.7016426190371,76.0439795477765,1000.7456221668136,7.598732171630802
380,2022-01-16 20:00:00,0.07447634922220914,924.7016426190371,76.04312087318503,1000.7447634922221,7.59865288805741
381,2022-01-16 21:00:00,0.07293150513710316,924.7016426190371,76.02767243233399,1000.729315051371,7.597226471618972
382,2022-01-16 22:00:00,0.06989689086666431,924.7016426190371,75.99732628962951,1000.6989689086666,7.594424362454375
383,2022-01-16 23:00:00,0.06535190953460415,924.7016426190371,75.95187647630898,1000.653519095346,7.590227289159416
384,2022-01-17 00:00:00,0.059286304130841926,924.7016426190371,75.89122042227127,1000.5928630413084,7.584625398146397
385,2022-01-17 01:00:00,0.05170023011336298,924.7016426190371,75.81535968209651,1000.5170023011336,7.5776183221000135
386,2022-01-17 02:00:00,0.04070499555193692,914.7016426190371,85.70540733648225,1000.4070499555194,8.567053514896056
387,2022-01-17 03:00:00,0.028724866706374995,914.7016426190371,85.58560604802668,1000.2872486670637,8.556102875656375
388,2022-01-17 04:00:00,0.015094716961937139,914.7016426190371,85.44930455058227,1000.1509471696194,8.543640816658709
389,2022-01-17 05:00:00,-0.0001389179808938934,914.7016426190371,85.296968201154,999.9986108201911,8.52970866941446
390,2022-01-17 06:00:00,-0.019584359085820326,904.7016426190371,95.10251379010475,999.8041564091418,9.51211426562491
391,2022-01-17 07:00:00,-0.042824108053855524,894.7016426190371,104.8701163004243,999.5717589194614,10.491504523275953
392,2022-01-17 08:00:00,-0.06709136522583777,894.7016426190371,104.62744372870458,999.3290863477416,10.469768683616284
393,2022-01-17 09:00:00,-0.09297783711358534,894.7016426190371,104.36857900982703,999.0702216288641,10.446570896654949
394,2022-01-17 10:00:00,-0.12036384821273031,894.7016426190371,104.09471889883562,998.7963615178727,10.422016229678958
395,2022-01-17 11:00:00,-0.14911939434371108,894.7016426190371,103.8071634375258,998.5088060565629,10.396219122743059
396,2022-01-17 12:00:00,-0.17910502437822515,894.7016426190371,103.50730713718065,998.2089497562177,10.36930265576753
397,2022-01-17 13:00:00,-0.21017278722440552,894.7016426190371,103.19662950871881,997.898272127756,10.341397754771046
398,2022-01-17 14:00:00,-0.24216723497229395,894.7016426190371,102.8766850312399,997.5783276502771,10.312642343940894
399,2022-01-17 15:00:00,-0.27492647885294447,894.7016426190371,102.54909259243342,997.2507352114706,10.283180445155303
400,2022-01-17 16:00:00,-0.3082832882850653,894.7016426190371,102.21552449811219,996.9171671171493,10.253161232411667
401,2022-01-17 17:00:00,-0.34206622610693105,894.7016426190371,101.8776951198936,996.5793377389307,10.222738046228892
402,2022-01-17 18:00:00,-0.3761008129863967,894.7016426190371,101.53734925109897,996.238991870136,10.19206737336123
403,2022-01-17 19:00:00,-0.4142680149090097,884.7016426190371,111.15567723187276,995.8573198509099,11.161807521635119
404,2022-01-17 20:00:00,-0.45162321583696896,884.7016426190371,110.78212522259317,995.4837678416303,11.128471282137198
405,2022-01-17 21:00:00,-0.4886729062156405,884.7016426190371,110.41162831880654,995.1132709378436,11.095382962258077
406,2022-01-17 22:00:00,-0.5292334338181945,874.7016426190371,120.00602304278101,994.707665661818,12.064451414771826
407,2022-01-17 23:00:00,-0.5683457265121433,874.7016426190371,119.61490011584151,994.3165427348786,12.029861213697542
408,2022-01-18 00:00:00,-0.6103975173919253,864.7016426190371,129.19438220704362,993.8960248260807,12.998782466169034
409,2022-01-18 01:00:00,-0.6505097934234982,864.7016426190371,128.79325944672786,993.494902065765,12.963655795206316
410,2022-01-18 02:00:00,-0.6928805647052514,854.7016426190371,138.36955173391044,993.0711943529475,13.933497670735228
411,2022-01-18 03:00:00,-0.732789681696363,854.7016426190371,137.97046056399927,992.6721031830364,13.898895730180424
412,2022-01-18 04:00:00,-0.7707408162629577,854.7016426190371,137.59094921833332,992.2925918373704,13.865965578112819
413,2022-01-18 05:00:00,-0.8065508029064745,854.7016426190371,137.23284935189812,991.9344919709353,13.834870191802867
414,2022-01-18 06:00:00,-0.8400508076309166,854.7016426190371,136.89784930465373,991.5994919236908,13.805760331630827
415,2022-01-18 07:00:00,-0.8710874714674446,854.7016426190371,136.58748266628845,991.2891252853256,13.778773435749544
416,2022-01-18 08:00:00,-0.8995239517575783,854.7016426190371,136.3031178633871,991.0047604824242,13.75403260394373
417,2022-01-18 09:00:00,-0.9252408484695707,854.7016426190371,136.04594889626716,990.7475915153043,13.731645684668377
418,2022-01-18 10:00:00,-0.948137013061455,854.7016426190371,135.8169872503484,990.5186298693854,13.711704470238777
419,2022-01-18 11:00:00,-0.9681302322847387,854.7016426190371,135.6170550581155,990.3186976771526,13.694284009401501
420,2022-01-18 12:00:00,-0.9871127101617162,844.7016426190371,145.42723027934576,990.1288728983828,14.687707253060886
421,2022-01-18 13:00:00,-1.0021647842049333,844.7016426190371,145.27670953891356,989.9783521579507,14.674735990159785
422,2022-01-18 14:00:00,-1.0154741935557694,834.7016426190371,155.14361544540517,989.8452580644423,15.673522116858472
423,2022-01-18 15:00:00,-1.0246024537374978,834.7016426190371,155.05233284358798,989.753975462625,15.66574489090729
424,2022-01-18 16:00:00,-1.030270590844816,834.7016426190371,154.99565147251468,989.6972940915518,15.6609149482202
425,2022-01-18 17:00:00,-1.0325225877491904,834.7016426190371,154.97313150347094,989.6747741225081,15.658995819194983
426,2022-01-18 18:00:00,-1.031425337980454,834.7016426190371,154.98410400115833,989.6857466201955,15.65993089527998
427,2022-01-18 19:00:00,-1.0270681836397444,834.7016426190371,155.0276755445654,989.7293181636026,15.663643856909498
428,2022-01-18 20:00:00,-1.0195623020808398,834.7016426190371,155.10273436015453,989.8043769791916,15.6700392489187
429,2022-01-18 21:00:00,-1.009039942031268,834.7016426190371,155.20795796065022,989.9096005796873,15.679003200874204
430,2022-01-18 22:00:00,-0.995653517545793,834.7016426190371,155.34182220550503,990.0434648245421,15.690404282708446
431,2022-01-18 23:00:00,-0.9795745639882398,834.7016426190371,155.50261174108056,990.2042543601176,15.704094489229226
432,2022-01-19 00:00:00,-0.9609925635950958,834.7016426190371,155.68843174501194,990.390074364049,15.719910343909985
433,2022-01-19 01:00:00,-0.9401136495167066,834.7016426190371,155.89722088579578,990.5988635048329,15.737674111013675
434,2022-01-19 02:00:00,-0.9193338675868972,844.7050497410556,146.1016115830754,990.806661324131,14.745723589284582
435,2022-01-19 03:00:00,-0.8961310956179773,844.7050497410556,146.3336393027646,991.0386890438202,14.765683814418091
436,2022-01-19 04:00:00,-0.8714374095986159,844.7050497410556,146.5805761629582,991.2856259040138,14.786916336982333
437,2022-01-19 05:00:00,-0.847983860857721,854.779090628663,136.7410707627598,991.5201613914228,13.79105297978691
438,2022-01-19 06:00:00,-0.822892864702817,854.779090628663,136.9919807243089,991.7710713529718,13.812863137601376
439,2022-01-19 07:00:00,-0.7971081475312645,854.779090628663,137.2498278960244,992.0289185246874,13.835264812656654
440,2022-01-19 08:00:00,-0.7708721017530593,854.779090628663,137.5121883538064,992.2912789824694,13.858046650860045
441,2022-01-19 09:00:00,-0.7444298068709486,854.779090628663,137.7766113026275,992.5557019312905,13.880995397492063
442,2022-01-19 10:00:00,-0.7180273548560081,854.779090628663,138.040635822777,992.8197264514399,13.90389736877662
443,2022-01-19 11:00:00,-0.6919101687949023,854.779090628663,138.30180768338803,993.080898312051,13.9265399141662
444,2022-01-19 12:00:00,-0.6663213272416669,854.779090628663,138.5576960989204,993.3367867275833,13.94871285854422
445,2022-01-19 13:00:00,-0.6414999026111559,854.779090628663,138.8059103452255,993.5850009738884,13.97020991753813
446,2022-01-19 14:00:00,-0.6176793288261365,854.779090628663,139.04411608307566,993.8232067117386,13.990830073603405
447,2022-01-19 15:00:00,-0.5950858056777406,854.779090628663,139.2700513145596,994.0491419432226,14.010378907657094
448,2022-01-19 16:00:00,-0.5739367540872081,854.779090628663,139.48154183046495,994.2606324591279,14.028669875571964
449,2022-01-19 17:00:00,-0.5544393300211595,854.779090628663,139.6765160711254,994.4556066997884,14.045525524729804
450,2022-01-19 18:00:00,-0.5387638791532481,864.8291523308467,129.78320887762086,994.6123612084675,13.048622150636909
451,2022-01-19 19:00:00,-0.5242678591145136,864.8291523308467,129.92816907800818,994.7573214088549,13.061293069348162
452,2022-01-19 20:00:00,-0.513473008844187,874.8398304931683,120.02543941838987,994.8652699115581,12.064491851148842
453,2022-01-19 21:00:00,-0.5039900320082552,874.8398304931683,120.12026918674916,994.9600996799174,12.072872995147476
454,2022-01-19 22:00:00,-0.4966369193357309,874.8398304931683,120.19380031347438,995.0336308066427,12.079370645596875
455,2022-01-19 23:00:00,-0.49151552837738566,874.8398304931683,120.24501422305782,995.0848447162261,12.083895645837995
456,2022-01-20 00:00:00,-0.4887121234584697,874.8398304931683,120.273048272247,995.1128787654153,12.086372394402483
457,2022-01-20 01:00:00,-0.4882967847756731,874.8398304931683,120.27720165907502,995.1170321522433,12.086739325417733
458,2022-01-20 02:00:00,-0.490322927857801,874.8398304931683,120.2569402282537,995.096770721422,12.084949300063572
459,2022-01-20 03:00:00,-0.49482693551977947,874.8398304931683,120.21190015163388,995.0517306448022,12.080969908341904
460,2022-01-20 04:00:00,-0.5018279070702192,874.8398304931683,120.14189043612959,994.9817209292978,12.074783677826652
461,2022-01-20 05:00:00,-0.5113275247725368,874.8398304931683,120.0468942591063,994.8867247522746,12.066388189971859
462,2022-01-20 06:00:00,-0.5233100384367617,874.8398304931683,119.92706912246416,994.7668996156324,12.055796103469339
463,2022-01-20 07:00:00,-0.5377423700206009,874.8398304931683,119.7827458066257,994.622576299794,12.043035082939983
464,2022-01-20 08:00:00,-0.5545743357349806,874.8398304931683,119.6144261494819,994.4542566426502,12.028147634795078
465,2022-01-20 09:00:00,-0.5760405025275872,864.8398304931683,129.39976448155585,994.2395949747241,13.014947818975715
466,2022-01-20 10:00:00,-0.5992435711748498,864.8398304931683,129.1677337950832,994.0075642882515,12.994642941934991
467,2022-01-20 11:00:00,-0.6247766920381764,864.8398304931683,128.91240258645,993.7522330796182,12.972288091062
468,2022-01-20 12:00:00,-0.6525162376707044,864.8398304931683,128.63500713012465,993.474837623293,12.947988440035422
469,2022-01-20 13:00:00,-0.6823230811461599,864.8398304931683,128.3369386953701,993.1767691885384,12.921862721399137
470,2022-01-20 14:00:00,-0.7140435398346654,864.8398304931683,128.019734108485,992.8595646016533,12.894042488259455
471,2022-01-20 15:00:00,-0.7508225471748347,854.8398304931683,137.65194403508343,992.4917745282517,13.869328448642484
472,2022-01-20 16:00:00,-0.7885909506699817,854.8398304931683,137.2742600001319,992.1140904933002,13.836539699973038
473,2022-01-20 17:00:00,-0.8278428965598437,854.8398304931683,136.88174054123328,991.7215710344016,13.802436544610062
474,2022-01-20 18:00:00,-0.8683621419139854,854.8398304931683,136.4765480876919,991.3163785808601,13.767203996272894
475,2022-01-20 19:00:00,-0.9099232838665102,854.8398304931683,136.0609366681666,990.9007671613349,13.731035556460887
476,2022-01-20 20:00:00,-0.9522932924423572,854.8398304931683,135.63723658240818,990.4770670755764,13.694131958338279
477,2022-01-20 21:00:00,-0.9990967163443883,844.8398304931683,145.16920234338778,990.0090328365561,14.663422002065133
478,2022-01-20 22:00:00,-1.0455504286017572,844.8398304931683,144.70466522081412,989.5444957139824,14.623361137126622
479,2022-01-20 23:00:00,-1.0960038665021785,834.8398304931683,154.20013084181,989.0399613349782,15.59088983964561
480,2022-01-21 00:00:00,-1.1455654401715036,834.8398304931683,153.7045151051167,988.544345598285,15.548570561302634
481,2022-01-21 01:00:00,-1.1985434664272134,824.8398304931683,163.17473484255962,988.0145653357279,16.515417947013034
482,2022-01-21 02:00:00,-1.2500161257314175,824.8398304931683,162.6600082495175,987.4998387426858,16.47190225940908
483,2022-01-21 03:00:00,-1.3003897479837405,824.8398304931683,162.15627202699432,986.9961025201626,16.429271768444675
484,2022-01-21 04:00:00,-1.349377096499279,824.8398304931683,161.6663985418389,986.5062290350072,16.38777270570098
485,2022-01-21 05:00:00,-1.3966996971592835,824.8398304931683,161.19317253523883,986.0330030284072,16.347644758356523
486,2022-01-21 06:00:00,-1.445603620785164,814.8398304931683,170.70413329898003,985.5439637921484,17.32080349233224
487,2022-01-21 07:00:00,-1.4914840179999715,814.8398304931683,170.24532932683198,985.0851598200003,17.282295609644557
488,2022-01-21 08:00:00,-1.5347847943527995,814.8398304931683,169.81232156330373,984.652152056472,17.245919912798264
489,2022-01-21 09:00:00,-1.575266707302967,814.8398304931683,169.40750243380202,984.2473329269703,17.211883310876274
490,2022-01-21 10:00:00,-1.6127089760059448,814.8398304931683,169.03307974677227,983.8729102399406,17.18037746415333
491,2022-01-21 11:00:00,-1.64691078076454,814.8398304931683,168.69106169918635,983.5308921923546,17.15157734630612
492,2022-01-21 12:00:00,-1.6776926279797408,814.8398304931683,168.38324322703428,983.2230737202026,17.125639921155003
493,2022-01-21 13:00:00,-1.7048975692028534,814.8398304931683,168.1111938148032,982.9510243079715,17.10270294831411
494,2022-01-21 14:00:00,-1.730489225502788,804.8398304931683,177.8552772518038,982.6951077449721,18.098724197369325
495,2022-01-21 15:00:00,-1.7513344318480222,804.8398304931683,177.6468251883515,982.4866556815198,18.0813473812653
496,2022-01-21 16:00:00,-1.768045021611033,804.8398304931683,177.47971929072142,982.3195497838897,18.067411905806715
497,2022-01-21 17:00:00,-1.7805598135250194,804.8398304931683,177.35457137158156,982.1944018647498,18.056972330005568
498,2022-01-21 18:00:00,-1.7900125724350233,794.8398304931683,187.2600437824815,982.0998742756498,19.06731165408158
499,2022-01-21 19:00:00,-1.7942917696140739,794.8398304931683,187.21725181069093,982.0570823038593,19.063785108243216
500,2022-01-21 20:00:00,-1.794121611651542,794.8398304931683,187.21895339031627,982.0587838834846,19.06392534365119
501,2022-01-21 21:00:00,-1.789555413708365,794.8398304931683,187.2646153697481,982.1044458629164,19.06768838676928
502,2022-01-21 22:00:00,-1.7806755621238495,794.8398304931683,187.35341388559326,982.1932443787615,19.075005347251654
503,2022-01-21 23:00:00,-1.7675929499495056,794.8398304931683,187.48424000733667,982.324070500505,19.085782954683314
504,2022-01-22 00:00:00,-1.7504462173114916,794.8398304931683,187.65570733371678,982.4955378268851,19.09990428544639
505,2022-01-22 01:00:00,-1.7294008040428366,794.8398304931683,187.86616146640336,982.7059919595716,19.117229670268678
506,2022-01-22 02:00:00,-1.7046478190502286,794.8398304931683,188.11369131632938,982.9535218094977,19.13759777471828
507,2022-01-22 03:00:00,-1.6786116795126191,804.8666680090927,178.3472151957811,983.2138832048738,18.13920839018692
508,2022-01-22 04:00:00,-1.6487929878394993,804.8666680090927,178.64540211251233,983.512070121605,18.164027421689287
509,2022-01-22 05:00:00,-1.6161398964259206,804.8666680090927,178.9719330266481,983.8386010357408,18.19118835530894
510,2022-01-22 06:00:00,-1.5835958504499559,814.9013221054321,169.2627193900683,984.1640414955004,17.19862870958613
511,2022-01-22 07:00:00,-1.5481880549247422,814.9013221054321,169.61679734532046,984.5181194507526,17.228407887500033
512,2022-01-22 08:00:00,-1.5108984612440395,814.9013221054321,169.98969328212752,984.8910153875596,17.259746573608016
513,2022-01-22 09:00:00,-1.4720181071307707,814.9013221054321,170.3784968232602,985.2798189286923,17.292396895788954
514,2022-01-22 10:00:00,-1.431848048496056,814.9013221054321,170.78019740960733,985.6815195150394,17.326103211677548
515,2022-01-22 11:00:00,-1.390697306028835,814.9013221054321,171.19170483427956,986.0930269397116,17.360603934657576
516,2022-01-22 12:00:00,-1.3488807574533894,814.9013221054321,171.60987032003402,986.5111924254661,17.395633383348528
517,2022-01-22 13:00:00,-1.3067169897027953,814.9013221054321,172.03150799754002,986.932830102972,17.430923640425565
518,2022-01-22 14:00:00,-1.2645261260159146,814.9013221054321,172.45341663440874,987.3547387398409,17.466206406677173
519,2022-01-22 15:00:00,-1.2226276435359522,814.9013221054321,172.87240145920845,987.7737235646405,17.501214836466094
520,2022-01-22 16:00:00,-1.1813381931884237,814.9013221054321,173.28529596268368,988.1866180681158,17.535685344682445
521,2022-01-22 17:00:00,-1.1409694408363067,814.9013221054321,173.6889834862048,988.5903055916369,17.569359369982692
522,2022-01-22 18:00:00,-1.101825941870095,814.9013221054321,174.080418475867,988.981740581299,17.601985085543323
523,2022-01-22 19:00:00,-1.0642030644308307,814.9013221054321,174.45664725025964,989.3579693556917,17.633319046681613
524,2022-01-22 20:00:00,-1.028384974184189,814.9013221054321,174.81482815272605,989.7161502581581,17.66312776720146
525,2022-01-22 21:00:00,-0.9946426977430519,814.9013221054321,175.15225091713745,990.0535730225695,17.69118921336842
526,2022-01-22 22:00:00,-0.9632322727174142,814.9013221054321,175.46635516739374,990.3676772728259,17.71729421244595
527,2022-01-22 23:00:00,-0.9343930030090177,814.9013221054321,175.7547478644777,990.6560699699098,17.741247764202978
528,2022-01-23 00:00:00,-0.9105361087058327,824.9321701913382,165.96246872160356,990.8946389129417,16.748750291319794
529,2022-01-23 01:00:00,-0.888798771113693,824.9321701913382,166.17984209752495,991.1120122888631,16.767009181308485
530,2022-01-23 02:00:00,-0.8700531908369271,824.9321701913382,166.36729790029258,991.2994680916307,16.782748629994668
531,2022-01-23 03:00:00,-0.8560879068907183,834.9383839005601,156.50073703053272,991.4391209310928,15.785208968106662
532,2022-01-23 04:00:00,-0.8444913865488843,834.9383839005601,156.61670223395103,991.5550861345112,15.795058128793151
533,2022-01-23 05:00:00,-0.8360614495764025,834.9383839005601,156.7010016036759,991.639385504236,15.802216399865506
534,2022-01-23 06:00:00,-0.8319207837595514,845.0961535912487,146.58463857115578,991.6807921624045,14.781433676003887
535,2022-01-23 07:00:00,-0.8301478329314023,845.0961535912487,146.60236807943724,991.698521670686,14.782957206839479
536,2022-01-23 08:00:00,-0.8314808071963057,845.0961535912487,146.5890383367882,991.6851919280369,14.781811761431005
537,2022-01-23 09:00:00,-0.8359244998815143,845.0961535912487,146.54460140993615,991.6407550011849,14.77799300511414
538,2022-01-23 10:00:00,-0.8434617954918622,845.0961535912487,146.46922845383273,991.5653820450814,14.771514930436885
539,2022-01-23 11:00:00,-0.8540537855719776,845.0961535912487,146.36330855303152,991.4594621442802,14.762409774826706
540,2022-01-23 12:00:00,-0.8676400328595946,845.0961535912487,146.22744608015537,991.323599671404,14.750727827787582
541,2022-01-23 13:00:00,-0.8859662753746307,835.0961535912487,156.04418365500496,991.1403372462537,15.743904045773391
542,2022-01-23 14:00:00,-0.9065953979876212,835.0961535912487,155.83789242887502,990.9340460201238,15.726363732759493
543,2022-01-23 15:00:00,-0.93009685407402,835.0961535912487,155.60287786801106,990.6990314592598,15.706372261090664
544,2022-01-23 16:00:00,-0.9587045095097437,825.0961535912487,165.31680131365383,990.4129549049026,16.69170425275053
545,2022-01-23 17:00:00,-0.9893272895792962,825.0961535912487,165.0105735129583,990.106727104207,16.66593802423395
546,2022-01-23 18:00:00,-1.0224654313638666,825.0961535912487,164.67919209511268,989.7753456863613,16.638037390284317
547,2022-01-23 19:00:00,-1.0579007669852216,825.0961535912487,164.32483873889907,989.4209923301478,16.608181958208093
548,2022-01-23 20:00:00,-1.0953986563041895,825.0961535912487,163.9498598457094,989.0460134369581,16.57656545987985
549,2022-01-23 21:00:00,-1.1347095861084313,825.0961535912487,163.556750547667,988.6529041389157,16.543394538462373
550,2022-01-23 22:00:00,-1.17557086863427,825.0961535912487,163.1481377224086,988.2442913136573,16.508887443765385
551,2022-01-23 23:00:00,-1.2177084317263733,825.0961535912487,162.7267620914875,987.8229156827363,16.473272639055807
552,2022-01-24 00:00:00,-1.2641870054738091,815.0961535912487,172.26197635401317,987.3581299452619,17.4467572737324
553,2022-01-24 01:00:00,-1.3141089383952704,805.0961535912487,181.76275702479862,986.8589106160473,18.418312391923696
554,2022-01-24 02:00:00,-1.3637857655033827,805.0961535912487,181.2659887537175,986.3621423449662,18.37722485199785
555,2022-01-24 03:00:00,-1.4135798081103985,805.0961535912487,180.76804832764736,985.864201918896,18.335998809551928
556,2022-01-24 04:00:00,-1.4631520460131697,805.0961535912487,180.27232594861962,985.3684795398683,18.29491501826812
557,2022-01-24 05:00:00,-1.5155807854797332,795.0961535912487,189.74803855395393,984.8441921452027,19.266807893809258
558,2022-01-24 06:00:00,-1.5663642259141397,795.0961535912487,189.24020414960995,984.3363577408586,19.225156386982743
559,2022-01-24 07:00:00,-1.6158535595221566,795.0961535912487,188.74531081352978,983.8414644047784,19.184524909988443
560,2022-01-24 08:00:00,-1.663707954517281,795.0961535912487,188.2667668635785,983.3629204548272,19.145196849246762
561,2022-01-24 09:00:00,-1.7095967426243532,795.0961535912487,187.8078789825078,982.9040325737565,19.10744821045536
562,2022-01-24 10:00:00,-1.7532016734185505,795.0961535912487,187.37182967456576,982.4679832658145,19.07154562449195
563,2022-01-24 11:00:00,-1.797106822195758,785.0961535912487,196.9327781867937,982.0289317780424,20.053663574883796
564,2022-01-24 12:00:00,-1.8372839539751795,785.0961535912487,196.5310068689995,981.6271604602482,20.02094224622447
565,2022-01-24 13:00:00,-1.8741505372123128,785.0961535912487,196.1623410366282,981.2584946278769,19.990893542380892
566,2022-01-24 14:00:00,-1.9074453906106215,785.0961535912487,195.82939250264505,980.9255460938938,19.963736624298328
567,2022-01-24 15:00:00,-1.9369306432833582,785.0961535912487,195.53453997591777,980.6306935671664,19.939671607120157
568,2022-01-24 16:00:00,-1.9643948366732957,775.0961535912487,205.2598980420184,980.356051633267,20.937280664515377
569,2022-01-24 17:00:00,-1.986734644957653,775.0961535912487,205.03649995917476,980.1326535504235,20.919260185491467
570,2022-01-24 18:00:00,-2.006048286978148,765.0961535912487,214.84336353896987,979.9395171302185,21.924145295022385
571,2022-01-24 19:00:00,-2.019703426975559,765.0961535912487,214.70681213899573,979.8029657302444,21.913264161124
572,2022-01-24 20:00:00,-2.0282892768706007,765.0961535912487,214.62095364004534,979.717107231294,21.906420951101868
573,2022-01-24 21:00:00,-2.031728431066233,765.0961535912487,214.58656209808893,979.6827156893377,21.90367949352854
574,2022-01-24 22:00:00,-2.0305957365078937,755.0961535912487,224.5978890436723,979.6940426349211,22.92530925671534
575,2022-01-24 23:00:00,-2.023321684968971,755.0961535912487,224.6706295590616,979.7667831503103,22.93103148860211
576,2022-01-25 00:00:00,-2.0106323806012143,755.0961535912487,224.79752260273918,979.8936761939879,22.941011669335072
577,2022-01-25 01:00:00,-1.99258980203374,755.0961535912487,224.9779483884139,980.0741019796626,22.9551977686155
578,2022-01-25 02:00:00,-1.9710286885791106,765.099874300607,215.18983881360188,980.2897131142089,21.951657345253725
579,2022-01-25 03:00:00,-1.9438707652688663,765.099874300607,215.4614180467044,980.5612923473113,21.97327385123711
580,2022-01-25 04:00:00,-1.9141582791245355,775.1059372308636,205.75247997789114,980.8584172087546,20.976776705796585
581,2022-01-25 05:00:00,-1.8794079657981797,775.1059372308636,206.09998311115467,981.2059203420182,21.004763509714106
582,2022-01-25 06:00:00,-1.8405298980900966,775.1059372308636,206.48876378823545,981.594701019099,21.03605119035965
583,2022-01-25 07:00:00,-1.8005425933324204,785.1386435630715,196.85593050360438,981.9945740666758,20.046539533143918
584,2022-01-25 08:00:00,-1.75639915361362,785.1386435630715,197.29736490079227,982.4360084638638,20.082464730632815
585,2022-01-25 09:00:00,-1.7090738518995068,785.1386435630715,197.77061791793352,982.9092614810049,20.120943577227195
586,2022-01-25 10:00:00,-1.6621022998407171,795.14517828331,188.2337987182828,983.3789770015928,19.141531710615155
587,2022-01-25 11:00:00,-1.6119815463962595,795.14517828331,188.73500625272737,983.8801845360374,19.182722573249915
588,2022-01-25 12:00:00,-1.5597234014874288,795.14517828331,189.25758770181574,984.4027659851257,19.225625347813722
589,2022-01-25 13:00:00,-1.5056523482231001,795.14517828331,189.79829823445903,984.943476517769,19.26996855753427
590,2022-01-25 14:00:00,-1.4501042826878006,795.14517828331,190.35377888981205,985.498957173122,19.3154723812024
591,2022-01-25 15:00:00,-1.393424226934144,795.14517828331,190.92057944734862,986.0657577306586,19.36185066265105
592,2022-01-25 16:00:00,-1.3359639813052808,795.14517828331,191.49518190363722,986.6403601869472,19.40881294044701
593,2022-01-25 17:00:00,-1.2780797294516675,795.14517828331,192.07402442217338,987.2192027054833,19.45606648409925
594,2022-01-25 18:00:00,-1.2201296142854972,795.14517828331,192.65352557383503,987.798703857145,19.50331831997387
595,2022-01-25 19:00:00,-1.1624713001466263,795.14517828331,193.2301087152238,988.3752869985337,19.550277233460456
596,2022-01-25 20:00:00,-1.1091142727359284,805.1498788300341,183.75897844260652,988.9088572726407,18.581993385053124
597,2022-01-25 21:00:00,-1.05600079941147,805.1498788300341,184.29011317585113,989.4399920058853,18.625698846297993
598,2022-01-25 22:00:00,-1.0041557142516808,805.1498788300341,184.80856402744908,989.9584428574832,18.668315358168478
599,2022-01-25 23:00:00,-0.9573561068003414,815.2682300590385,175.15820887295806,990.4264389319966,17.685130564753084
600,2022-01-26 00:00:00,-0.9116301456770998,815.2682300590385,175.61546848419056,990.883698543229,17.72311611770138
601,2022-01-26 01:00:00,-0.867959910797731,815.2682300590385,176.05217083298422,991.3204008920227,17.75936121909392
602,2022-01-26 02:00:00,-0.8266038823096096,815.2682300590385,176.46573111786543,991.7339611769039,17.793656164446684
603,2022-01-26 03:00:00,-0.7878039619379706,815.2682300590385,176.85373032158185,992.1219603806203,17.82580543361153
604,2022-01-26 04:00:00,-0.7517838278628574,815.2682300590385,177.21393166233295,992.4821617213714,17.855628896641452
605,2022-01-26 05:00:00,-0.7187474137455411,815.2682300590385,177.54429580350615,992.8125258625446,17.882962913794586
606,2022-01-26 06:00:00,-0.6888775221709238,815.2682300590385,177.8429947192522,993.1112247782908,17.907661325543383
607,2022-01-26 07:00:00,-0.6623345814417917,815.2682300590385,178.10842412654353,993.3766541855821,17.92959632945727
608,2022-01-26 08:00:00,-0.6412669532521477,825.3393970200806,168.24793344739788,993.5873304674785,16.93338152452467
609,2022-01-26 09:00:00,-0.6228679616316868,825.3393970200806,168.4319233636026,993.7713203836831,16.948760736883923
610,2022-01-26 10:00:00,-0.6095352987451406,835.4747018736687,158.42994513888,993.9046470125486,15.940155387650554
611,2022-01-26 11:00:00,-0.5987957727139701,835.4747018736687,158.53734039919163,994.0120422728603,15.949237399245964
612,2022-01-26 12:00:00,-0.5913908224048896,835.4747018736687,158.6113899022824,994.0860917759511,15.955498343098288
613,2022-01-26 13:00:00,-0.5883262076950928,845.9023262090061,148.21441171404294,994.1167379230491,14.909155641388635
614,2022-01-26 14:00:00,-0.5876394807288534,845.9023262090061,148.2212789837053,994.1236051927115,14.909743437283387
615,2022-01-26 15:00:00,-0.5900248756726001,845.9023262090061,148.1974250342679,994.099751243274,14.90770165156206
616,2022-01-26 16:00:00,-0.595424611445219,845.9023262090061,148.14342767654168,994.0457538855478,14.903079370086878
617,2022-01-26 17:00:00,-0.6037597341959213,845.9023262090061,148.06007644903465,993.9624026580408,14.895943352896891
618,2022-01-26 18:00:00,-0.6149306575953914,845.9023262090061,147.94836721503998,993.8506934240461,14.886377621302808
619,2022-01-26 19:00:00,-0.6288178440657021,845.9023262090061,147.8094953503369,993.711821559343,14.874482937960092
620,2022-01-26 20:00:00,-0.6452826222246586,845.9023262090061,147.64484756874728,993.5471737777534,14.86037618197422
621,2022-01-26 21:00:00,-0.6641681351906072,845.9023262090061,147.45599243908785,993.3583186480939,14.844189621300737
622,2022-01-26 22:00:00,-0.6853004117163437,845.9023262090061,147.2446696738304,993.1469958828366,14.826070086728745
623,2022-01-26 23:00:00,-0.7107632128996443,835.9023262090061,156.99004166199748,992.8923678710036,15.811385679056162
624,2022-01-27 00:00:00,-0.7375041777815567,835.9023262090061,156.72263201317833,992.6249582221844,15.788705564473455
625,2022-01-27 01:00:00,-0.76599065873271,835.9023262090061,156.4377672036668,992.3400934126729,15.76453155950546
626,2022-01-27 02:00:00,-0.7959775765058794,835.9023262090061,156.13789802593513,992.0402242349412,15.739069264691185
627,2022-01-27 03:00:00,-0.8272089822902672,835.9023262090061,155.82558396809125,991.7279101770973,15.712533888480035
628,2022-01-27 04:00:00,-0.8594198055725883,835.9023262090061,155.50347573526807,991.4058019442741,15.685148849270984
629,2022-01-27 05:00:00,-0.8923376633767248,835.9023262090061,155.17429715722662,991.0766233662328,15.657144311422732
630,2022-01-27 06:00:00,-0.928532019472675,825.9023262090061,164.81235359626717,990.7146798052732,16.635703190414148
631,2022-01-27 07:00:00,-0.967045582056528,815.9023262090061,174.42721797042864,990.3295441794347,17.613047999588378
632,2022-01-27 08:00:00,-1.0075638235267435,805.9023262090061,184.02203555572646,989.9243617647326,18.589504679698095
633,2022-01-27 09:00:00,-1.0497187115802036,795.9023262090061,193.60048667519186,989.502812884198,19.565430654096485
634,2022-01-27 10:00:00,-1.0930889301069442,785.9023262090061,203.16678448992448,989.0691106989306,20.541212165280914
635,2022-01-27 11:00:00,-1.137204513676147,775.9023262090061,212.72562865423242,988.6279548632385,21.517258095706968
636,2022-01-27 12:00:00,-1.181549465858211,765.9023262090061,222.28217913241178,988.1845053414179,22.493995598080467
637,2022-01-27 13:00:00,-1.223002703487009,765.9023262090061,221.86764675612378,987.7699729651299,22.461469049328564
638,2022-01-27 14:00:00,-1.261896810138137,765.9023262090061,221.47870568961255,987.3810318986186,22.430925704916046
639,2022-01-27 15:00:00,-1.2978808553605519,765.9023262090061,221.11886523738835,987.0211914463945,22.402646179597998
640,2022-01-27 16:00:00,-1.3306228664802346,765.9023262090061,220.79144512619152,986.6937713351977,22.376896615797595
641,2022-01-27 17:00:00,-1.361833006025836,755.9023262090061,230.47934373073556,986.3816699397416,23.366142209923225
642,2022-01-27 18:00:00,-1.3883293514661772,755.9023262090061,230.21438027633207,986.1167064853382,23.34555116674265
643,2022-01-27 19:00:00,-1.4122013312033914,745.9023262090061,239.97566047895998,985.8779866879661,24.341314414084096
644,2022-01-27 20:00:00,-1.4306434089759819,745.9023262090061,239.7912397012341,985.6935659102402,24.32715886501689
645,2022-01-27 21:00:00,-1.444130180244997,745.9023262090061,239.65637198854392,985.55869819755,24.316803497025813
646,2022-01-27 22:00:00,-1.45351692838276,735.9023262090061,249.56250450716624,985.4648307161724,25.324344078905412
647,2022-01-27 23:00:00,-1.456677428094497,735.9023262090061,249.53089951004895,985.433225719055,25.32194906742364
648,2022-01-28 00:00:00,-1.454183539254484,735.9023262090061,249.55583839844905,985.4581646074552,25.323838937176646
649,2022-01-28 01:00:00,-1.4459450549654094,735.9023262090061,249.63822324133986,985.5405494503459,25.33008138331474
650,2022-01-28 02:00:00,-1.4319099884282196,735.9023262090061,249.7785739067117,985.6809001157178,25.340713599846357
651,2022-01-28 03:00:00,-1.4120649373214065,735.9023262090061,249.97702441777986,985.8793506267859,25.355741983930756
652,2022-01-28 04:00:00,-1.3864351798947836,735.9023262090061,250.2333219920461,986.1356482010522,25.375142096174258
653,2022-01-28 05:00:00,-1.3570405685017704,745.9116923734788,240.51790194150357,986.4295943149823,24.38267295787381
654,2022-01-28 06:00:00,-1.3215507057746323,745.9116923734788,240.8728005687749,986.7844929422537,24.409868850955963
655,2022-01-28 07:00:00,-1.2808004526738046,745.9116923734788,241.28030309978314,987.191995473262,24.44107166652145
656,2022-01-28 08:00:00,-1.2375618096611334,755.9175261527894,231.70685575059923,987.6243819033887,23.46103032653413
657,2022-01-28 09:00:00,-1.1889360627178234,755.9175261527894,232.19311322003236,988.1106393728218,23.498695790525144
658,2022-01-28 10:00:00,-1.1358494215607606,755.9175261527894,232.72397963160302,988.6415057843924,23.539774353996883
659,2022-01-28 11:00:00,-1.0785568086829471,755.9175261527894,233.2969057603811,989.2144319131705,23.58405803979
660,2022-01-28 12:00:00,-1.020669393513265,765.9238214402347,223.86948462463263,989.7933060648674,22.61780143923918
661,2022-01-28 13:00:00,-0.9586217807009006,765.9238214402347,224.48996075275628,990.413782192991,22.666279971961497
662,2022-01-28 14:00:00,-0.8934332584761705,765.9238214402347,225.1418459750036,991.0656674152383,22.717147145475003
663,2022-01-28 15:00:00,-0.8254428645926737,765.9238214402347,225.82174991383852,991.7455713540733,22.770129399772795
664,2022-01-28 16:00:00,-0.7550080142067372,765.9238214402347,226.52609841769785,992.4499198579326,22.824939967764283
665,2022-01-28 17:00:00,-0.6825020726778576,765.9238214402347,227.25115783298665,993.1749792732214,22.881281000381513
666,2022-01-28 18:00:00,-0.6123011118672252,775.9788580443809,217.89813083694685,993.8769888813277,21.924054312013517
667,2022-01-28 19:00:00,-0.540166029960983,775.9788580443809,218.61948165600927,994.5983397003902,21.98068033391907
668,2022-01-28 20:00:00,-0.4671888595836208,775.9788580443809,219.34925335978286,995.3281114041638,22.037883874327118
669,2022-01-28 21:00:00,-0.3937623795197169,775.9788580443809,220.0835181604219,996.0623762048028,22.09535501169959
670,2022-01-28 22:00:00,-0.32028179136688095,775.9788580443809,220.81832404195032,996.7971820863312,22.152783736784837
671,2022-01-28 23:00:00,-0.24714203492333126,775.9788580443809,221.54972160638582,997.5285796507667,22.209862065701422
672,2022-01-29 00:00:00,-0.1747351033417317,775.9788580443809,222.27379092220184,998.2526489665827,22.266286110265323
673,2022-01-29 01:00:00,-0.10738396365491099,786.046998456271,212.8791619071799,998.9261603634509,21.310800573059936
674,2022-01-29 02:00:00,-0.040757047172826334,786.046998456271,213.54543107200075,999.5924295282717,21.363250137136117
675,2022-01-29 03:00:00,0.02034743733416917,796.0549176964909,204.1485566768508,1000.2034743733417,20.410702612761483
676,2022-01-29 04:00:00,0.08013412547857116,796.0549176964909,204.7464235582949,1000.8013412547857,20.458248317452068
677,2022-01-29 05:00:00,0.13759411382970937,796.0549176964909,205.3210234418062,1001.3759411382971,20.503890198161844
678,2022-01-29 06:00:00,0.19243592317892536,796.0549176964909,205.86944153529842,1001.9243592317893,20.547403567784876
679,2022-01-29 07:00:00,0.244386433166153,796.0549176964909,206.38894663517064,1002.4438643316615,20.588578969733337
680,2022-01-29 08:00:00,0.2931927356476535,796.0549176964909,206.87700965998573,1002.9319273564765,20.627223445291172
681,2022-01-29 09:00:00,0.33862385130526035,796.0549176964909,207.3313208165617,1003.3862385130526,20.663161687747685
682,2022-01-29 10:00:00,0.37774479958425217,806.0812340941255,197.69621390171696,1003.7774479958425,19.695223706852573
683,2022-01-29 11:00:00,0.41398504020982047,806.0812340941255,198.0586163079727,1004.1398504020982,19.72420636713721
684,2022-01-29 12:00:00,0.44649336726922684,806.0812340941255,198.38369957856676,1004.4649336726923,19.750186684288042
685,2022-01-29 13:00:00,0.47514679001202464,806.0812340941255,198.6702338059947,1004.7514679001202,19.773072262457646
686,2022-01-29 14:00:00,0.4998490311182991,806.0812340941255,198.91725621705748,1004.998490311183,19.792791544937113
687,2022-01-29 15:00:00,0.51875348097401,816.2922648076271,188.89527000211297,1005.1875348097401,18.792042624948255
688,2022-01-29 16:00:00,0.534520635012268,816.2922648076271,189.0529415424956,1005.3452063501227,18.80477873156097
689,2022-01-29 17:00:00,0.5464228957805062,816.2922648076271,189.1719641501779,1005.4642289578051,18.814390278832743
690,2022-01-29 18:00:00,0.5544746699281632,816.2922648076271,189.25248189165453,1005.5447466992816,18.820891115276485
691,2022-01-29 19:00:00,0.5587169918783615,816.2922648076271,189.29490511115648,1005.5871699187836,18.82431585980208
692,2022-01-29 20:00:00,0.5592172377492262,816.2922648076271,189.29990756986516,1005.5921723774923,18.824719679580333
693,2022-01-29 21:00:00,0.5560686589882152,816.2922648076271,189.26842178225507,1005.5606865898822,18.82217794573031
694,2022-01-29 22:00:00,0.5493897410952513,816.2922648076271,189.20163260332535,1005.4938974109525,18.816785769709877
695,2022-01-29 23:00:00,0.5393233895466665,816.2922648076271,189.1009690878396,1005.3932338954667,18.80865742005788
696,2022-01-30 00:00:00,0.5260387533052381,826.8107710713338,178.44961646171862,1005.2603875330524,17.751581448428585
697,2022-01-30 01:00:00,0.5106272786231785,826.8107710713338,178.29550171489805,1005.1062727862318,17.73897015095222
698,2022-01-30 02:00:00,0.49255013724670105,826.8107710713338,178.11473030113328,1004.925501372467,17.724172593677327
699,2022-01-30 03:00:00,0.4720237950603405,826.8107710713338,177.90946687926964,1004.7202379506034,17.707363717701533
700,2022-01-30 04:00:00,0.44928172010661455,826.8107710713338,177.68204612973244,1004.4928172010661,17.688732371907683
701,2022-01-30 05:00:00,0.42457278559110134,826.8107710713338,177.43495678457722,1004.245727855911,17.66848012023961
702,2022-01-30 06:00:00,0.39815956790785095,826.8107710713338,177.17082460774472,1003.9815956790785,17.646819958677526
703,2022-01-30 07:00:00,0.3680462931356715,816.8107710713338,186.86969186002293,1003.6804629313567,18.618444690479468
704,2022-01-30 08:00:00,0.33742295822003143,816.8107710713338,186.5634585108665,1003.3742295822003,18.593606753140406
705,2022-01-30 09:00:00,0.3058988457941382,816.8107710713338,186.24821738660762,1003.0589884579414,18.568022372536376
706,2022-01-30 10:00:00,0.2737894903463712,816.8107710713338,185.9271238321299,1002.7378949034637,18.541946482438426
707,2022-01-30 11:00:00,0.24141469920459713,816.8107710713338,185.60337592071224,1002.414146992046,18.51563811999802
708,2022-01-30 12:00:00,0.20665656931601006,806.8107710713338,195.25579462182637,1002.0665656931601,19.48531178532655
709,2022-01-30 13:00:00,0.17299680271789838,806.8107710713338,194.9191969558452,1001.729968027179,19.458257532189215
710,2022-01-30 14:00:00,0.14007231084887053,806.8107710713338,194.58995203715494,1001.4007231084887,19.431776665101694
711,2022-01-30 15:00:00,0.10821502635832303,806.8107710713338,194.27137919224947,1001.0821502635832,19.40613756234672
712,2022-01-30 16:00:00,0.07774987484039002,806.8107710713338,193.96672767707017,1000.7774987484039,19.38160359516971
713,2022-01-30 17:00:00,0.04681095845345453,796.8107710713338,203.6573385132008,1000.4681095845345,20.356204916693827
714,2022-01-30 18:00:00,0.018687893017772694,796.8107710713338,203.37610785884402,1000.1868789301777,20.333810825070977
715,2022-01-30 19:00:00,-0.007013535189969389,796.8107710713338,203.11909357676655,999.9298646481003,20.31333404050784
716,2022-01-30 20:00:00,-0.03183469946458217,786.8107710713338,212.87088193402042,999.6816530053542,21.29386703197606
717,2022-01-30 21:00:00,-0.05282668213433226,786.8107710713338,212.66096210732292,999.4717331786567,21.277336321557534
718,2022-01-30 22:00:00,-0.07195279581484329,776.8107710713338,222.46970097051783,999.2804720418516,22.262988940026084
719,2022-01-30 23:00:00,-0.08657445191755642,776.8107710713338,222.32348440949067,999.1342554808244,22.251612652645914
720,2022-01-31 00:00:00,-0.09716534496241139,776.8107710713338,222.21757547904215,999.0283465503759,22.24337039548025
721,2022-01-31 01:00:00,-0.10451242654039561,766.8107710713338,232.14410466326234,998.954875734596,23.238697793286388
722,2022-01-31 02:00:00,-0.10656116030460225,766.8107710713338,232.12361732562024,998.934388396954,23.237123480964755
723,2022-01-31 03:00:00,-0.10386448623750084,766.8107710713338,232.1505840662912,998.961355137625,23.23919567782562
724,2022-01-31 04:00:00,-0.09630742908051389,766.8107710713338,232.22615463786113,999.0369257091949,23.245002127725037
725,2022-01-31 05:00:00,-0.08380792616040936,766.8107710713338,232.35114966706212,999.1619207383959,23.25460416819639
726,2022-01-31 06:00:00,-0.06631739458731545,766.8107710713338,232.5260549827931,999.3368260541268,23.268036253694394
727,2022-01-31 07:00:00,-0.043821071378476975,766.8107710713338,232.75101821488144,999.5617892862152,23.285305691916097
728,2022-01-31 08:00:00,-0.016338124071660333,766.8107710713338,233.02584768794964,999.8366187592834,23.30639259613395
729,2022-01-31 09:00:00,0.016078472313961357,766.8107710713338,233.35001365180585,1000.1607847231396,23.331250056599735
730,2022-01-31 10:00:00,0.053342285390931464,766.8107710713338,233.72265178257558,1000.5334228539093,23.35980452466125
731,2022-01-31 11:00:00,0.09533400600174673,766.8107710713338,234.14256898868373,1000.9533400600175,23.391956409740786
732,2022-01-31 12:00:00,0.13920392786668573,776.8388527922311,224.5531864864357,1001.3920392786669,22.42410341589975
733,2022-01-31 13:00:00,0.18510592957791233,786.8454640052398,215.00559529053925,1001.8510592957791,21.460834252316
734,2022-01-31 14:00:00,0.23245769090991644,796.9366771726841,205.38789973641505,1002.3245769090992,20.491156703926826
735,2022-01-31 15:00:00,0.28395113175470216,796.9366771726841,205.90283414486294,1002.839511317547,20.531982617472302
736,2022-01-31 16:00:00,0.3386463468673583,796.9366771726841,206.44978629598955,1003.3864634686736,20.575301123985618
737,2022-01-31 17:00:00,0.3962885779467797,796.9366771726841,207.02620860678365,1003.9628857794678,20.620902579087907
738,2022-01-31 18:00:00,0.4529699309480293,806.9843113641981,197.54538794528213,1004.5296993094803,19.665460173161232
739,2022-01-31 19:00:00,0.5126188984398482,806.9843113641981,198.1418776202004,1005.1261889843985,19.713134509051773
740,2022-01-31 20:00:00,0.5704163130081042,817.0073763351835,188.6967867948975,1005.704163130081,18.762653443494877
741,2022-01-31 21:00:00,0.6304939988521028,817.0073763351835,189.29756365333756,1006.304939988521,18.811153173460212
742,2022-01-31 22:00:00,0.6877688992241587,827.3484371030531,179.52925188918846,1006.8776889922416,17.83029397233687
743,2022-01-31 23:00:00,0.7466798106533361,827.3484371030531,180.11836100348017,1007.4667981065334,17.878342129189825
744,2022-02-01 01:00:00,0.8062019363628565,827.3484371030531,180.7135822605754,1008.0620193636286,17.926831761269675
